0.07755905153325321,0.007569988714408505,0.2784942576306614,-0.5502504261385968,Linear,4.7585424999997485,1,1.0,216,1,1
0.06047758292605698,0.00505319890412799,0.2459219041201027,-0.03483955525283888,LSTM,3.8311056999991706,2,1.0,216,1,3
0.0617341291302754,0.005809989143819298,0.2484635368223583,-0.9400114455322481,LSTM,3.687479299998813,3,1.0,216,1,6
0.07079382790423942,0.007367145491608374,0.2660710955820632,-1.8210555057075495,LSTM,4.855363099999522,4,1.0,216,1,12
0.046015213545795554,0.003133061777594671,0.21451156972479493,-0.18456583153292438,LSTM,6.308701099998871,5,1.0,216,1,24
0.04043900462207681,0.002271781926635252,0.20109451663851208,-0.12788869722171903,LSTM,8.798312700000679,6,1.0,216,1,48
0.04035343835292117,0.0024219928591148175,0.2008816526040175,-0.15305930659247413,LSTM,11.165487599999324,7,1.0,216,1,96
0.1608676950563857,0.029817743270563874,0.40108315229685937,-5.106345855403933,Linear,5.812162799997168,8,1.0,216,3,1
0.07008853642059922,0.0073581622157310265,0.2647423963414232,-0.5068706890965624,LSTM,2.980661899997358,9,1.0,216,3,3
0.05292945656776479,0.004654683564615165,0.2300640271049883,-0.5542437631386248,LSTM,3.5641906000018935,10,1.0,216,3,6
0.05043298068199383,0.0034477063410533757,0.2245728850106215,-0.32020888776666023,LSTM,5.128874400001223,11,1.0,216,3,12
0.04356643017582283,0.0025021848277005337,0.20872572954914503,0.0744175232958385,LSTM,7.502498000001651,12,1.0,216,3,24
0.045948958845013814,0.0029829437389514222,0.21435708256321695,-0.48096456273629884,LSTM,9.970263200000772,13,1.0,216,3,48
0.05221943027454282,0.0033422137095792267,0.22851571122035094,-0.5911568888191308,LSTM,14.007132700000511,14,1.0,216,3,96
0.3553085951439546,0.1323849038571165,0.5960776754282571,-43.20459700371517,Linear,7.913481799998408,15,1.0,216,6,1
0.11195843605577213,0.014749265882574112,0.33460190683224167,-3.9249222188016564,LSTM,4.89473469999939,16,1.0,216,6,3
0.05368330454142278,0.004195555657904512,0.2316965786139769,-0.6065782061336769,LSTM,5.438309699999081,17,1.0,216,6,6
0.09143618778625065,0.014754682813081038,0.30238417251279975,-4.541963695573088,LSTM,6.591772499999934,18,1.0,216,6,12
0.057020025485175464,0.004989854789367158,0.23878866280704256,-0.8457957634492257,LSTM,6.757948999998916,19,1.0,216,6,24
0.05372632123273906,0.0040229168055570036,0.23178938981916117,-0.9753461870991156,LSTM,10.824308200000814,20,1.0,216,6,48
0.05545632549874805,0.00405307316174654,0.23549166757817155,-0.8616448630585463,LSTM,12.656648200001655,21,1.0,216,6,96
0.431214365513387,0.19590554366605917,0.6566691446332673,-74.01689944732064,Linear,5.653050100001565,22,1.0,216,12,1
0.06583327479172446,0.007063852462018386,0.25657995789173493,-1.7049173797614632,LSTM,3.0777264999996987,23,1.0,216,12,3
0.06523035406608521,0.005731346393876354,0.25540233762846654,-1.1527344263515098,LSTM,3.3634339999989606,24,1.0,216,12,6
0.059860500349278555,0.005067663654688359,0.24466405610403535,-0.9160111217640057,LSTM,4.629752100001497,25,1.0,216,12,12
0.0649953508166298,0.007392815609658846,0.2549418577178526,-2.3901712564609,LSTM,6.3308139000000665,26,1.0,216,12,24
0.06655528663442994,0.0060418279223641794,0.25798311307996485,-1.8792314888864747,LSTM,8.836060399997223,27,1.0,216,12,48
0.08135687899360022,0.008806026820778442,0.28523127281839245,-2.8748133202626414,LSTM,11.689107099999092,28,1.0,216,12,96
0.16639080460170463,0.031127632488327794,0.4079102898943647,-10.768912482311597,Linear,5.009676900001068,29,1.0,216,24,1
0.053414861137594104,0.004112306907520294,0.23111655314493185,-0.5211822765020011,LSTM,2.623999300001742,30,1.0,216,24,3
0.07223959251745073,0.007443569917577725,0.2687742407996918,-1.7534488274248092,LSTM,2.9426630999987538,31,1.0,216,24,6
0.07406689539440908,0.007047113437648386,0.2721523385797173,-2.231640376113399,LSTM,4.474697400000878,32,1.0,216,24,12
0.04526046871814908,0.0032074713555100593,0.2127450791866855,-0.5924374809603192,LSTM,6.282447499997943,33,1.0,216,24,24
0.11645332102365794,0.015247533394610421,0.34125257658171304,-6.8163453404669685,LSTM,8.907867800000531,34,1.0,216,24,48
0.06453152447292837,0.00492728877310432,0.2540305581478897,-1.046932810823264,LSTM,9.511922699999559,35,1.0,216,24,96
0.08941132979909538,0.009772573917790659,0.29901727341258294,-1.0013156494790985,Linear,5.492899900000339,36,1.0,432,1,1
0.060966749454378,0.005053324466076081,0.2469144577670129,-0.03486526895874764,LSTM,3.095438700001978,37,1.0,432,1,3
0.0664347749194827,0.005309932895404644,0.25774944213224343,-0.7730378382981691,LSTM,3.6329444000002695,38,1.0,432,1,6
0.048701037338083876,0.003620725666784809,0.22068311520839984,-0.3864621091811742,LSTM,5.0536999000032665,39,1.0,432,1,12
0.04710909381753439,0.0032828807151734293,0.21704629418060653,-0.24121022828293337,LSTM,6.992113599997538,40,1.0,432,1,24
0.03639198487549022,0.0018566051759870477,0.1907668337932205,0.07823723366765623,LSTM,10.846075199999177,41,1.0,432,1,48
0.035446217433196155,0.001977866576313518,0.18827165860319006,0.05837977414598894,LSTM,21.961391799999546,42,1.0,432,1,96
0.16478856482821005,0.031138363264373855,0.40594157809740317,-5.3767943045904305,Linear,5.73275410000133,43,1.0,432,3,1
0.06890441414107608,0.005882503228656881,0.2624965031025672,-0.20467195936890592,LSTM,3.1883091000017885,44,1.0,432,3,3
0.05485965315149034,0.004783391610125925,0.234221376376048,-0.5972206216562672,LSTM,3.900920899999619,45,1.0,432,3,6
0.05359692088651615,0.004115015810467787,0.2315100880880057,-0.5757375799645557,LSTM,5.123760700000275,46,1.0,432,3,12
0.06652713574624435,0.009232525391279268,0.25792854775352875,-2.4152008370011027,LSTM,6.782263899996906,47,1.0,432,3,24
0.044981805988195886,0.0027553456230716964,0.21208914632341724,-0.36796721056970716,LSTM,10.195418399998744,48,1.0,432,3,48
0.05210059749084652,0.003820447433488985,0.22825555303397663,-0.8188337971160686,LSTM,13.44147570000132,49,1.0,432,3,96
0.2781042442296806,0.08155029013909874,0.5273558990185666,-26.23042889411082,Linear,5.701793099997303,50,1.0,432,6,1
0.05569216856061542,0.00415075317111932,0.23599188240406793,-0.3859765414737586,LSTM,2.8095810000013444,51,1.0,432,6,3
0.0957996916274225,0.014483170608100492,0.309515252657155,-4.545951037701536,LSTM,3.7525920999978553,52,1.0,432,6,6
0.06348006717044581,0.006348180945326613,0.25195250975222655,-1.3844218664421728,LSTM,4.836485199997696,53,1.0,432,6,12
0.05268267869461217,0.00400386396284718,0.2295270761688306,-0.481068177735015,LSTM,6.690313900002366,54,1.0,432,6,24
0.046945276417940274,0.0031432156722770023,0.21666858659699673,-0.5433923676686336,LSTM,9.667204800000036,55,1.0,432,6,48
0.06041452124231473,0.004474835463671372,0.24579365582194088,-1.0553674018522372,LSTM,12.5053513999992,56,1.0,432,6,96
0.41593779718492496,0.18214819158932968,0.6449323973758219,-68.74888161541789,Linear,5.375479500002257,57,1.0,432,12,1
0.0984186051281612,0.013239589092564697,0.3137173969166536,-4.069754051338981,LSTM,3.341031899999507,58,1.0,432,12,3
0.07420046546491324,0.007834611503744347,0.2723976238239116,-1.9427357451680636,LSTM,3.9741618999978527,59,1.0,432,12,6
0.0728265729783364,0.006518853824149939,0.26986398977695486,-1.4646853617977924,LSTM,5.066064200000255,60,1.0,432,12,12
0.06991919269054074,0.006503022554433867,0.2644223755481762,-1.9821331016770753,LSTM,7.712746400000469,61,1.0,432,12,24
0.06496473639474956,0.005395146023261788,0.2548818086775703,-1.5710554019283531,LSTM,9.763213700000051,62,1.0,432,12,48
0.0782157646912724,0.00738043579508123,0.27967081487218576,-2.247527120931019,LSTM,13.54972220000127,63,1.0,432,12,96
0.24167121033461092,0.0626400175762646,0.4916006614464742,-22.68329441765141,Linear,5.607121600001847,64,1.0,432,24,1
0.07723501255247592,0.010909625963026826,0.2779118791136426,-3.035576631664762,LSTM,2.8626385999996273,65,1.0,432,24,3
0.0586772892757475,0.005303151969624705,0.24223395566218106,-0.9616874341351598,LSTM,3.3994534999983443,66,1.0,432,24,6
0.04540682856721901,0.003020547547618797,0.21308878095108388,-0.38515201993293813,LSTM,4.366354300000239,67,1.0,432,24,12
0.06035135992902612,0.005314602572357235,0.24566513779742155,-1.6385807991990489,LSTM,5.9375693000001775,68,1.0,432,24,24
0.04846308933800736,0.0037914025513748183,0.2201433381640411,-0.9435872609236753,LSTM,8.143079399997077,69,1.0,432,24,48
0.13551612069026348,0.024940866833869674,0.36812514270321645,-9.36112982281274,LSTM,9.81205929999851,70,1.0,432,24,96
0.09339732932862241,0.010585699086282518,0.3056097664156406,-1.1678347403938885,Linear,5.663998799998808,71,1.0,648,1,1
0.06076646712673885,0.005315032817817545,0.24650855386119738,-0.08846026085602898,LSTM,3.588473599997087,72,1.0,648,1,3
0.06207705379510613,0.004779701485970457,0.2491526716595793,-0.5959884535885078,LSTM,4.248627199998737,73,1.0,648,1,6
0.054729083532612875,0.0038774274185180194,0.23394247911102609,-0.48475932495852225,LSTM,5.183745299997099,74,1.0,648,1,12
0.05524508079664471,0.00442146625060178,0.2350427212160477,-0.6716931288089161,LSTM,7.197514100000262,75,1.0,648,1,24
0.04473592426161511,0.002942465212368453,0.2115086860193101,-0.4608678835269788,LSTM,9.323847699997714,76,1.0,648,1,48
0.04692617750062902,0.0031977333882855057,0.21662450807936995,-0.5223728796259399,LSTM,20.623599199996534,77,1.0,648,1,96
0.18365817485503536,0.03793891853487505,0.4285535845784461,-6.769473224442337,Linear,5.480148400001781,78,1.0,648,3,1
0.06262297726240257,0.005371978602486819,0.2502458336564319,-0.10012213120760638,LSTM,3.09419010000056,79,1.0,648,3,3
0.05999320430155735,0.004806685824693717,0.24493510222415518,-0.6049987847057239,LSTM,4.3232014999994135,80,1.0,648,3,6
0.08045842770263595,0.011231639746545367,0.28365194817352474,-3.300862414242638,LSTM,5.179348499998014,81,1.0,648,3,12
0.17754952811192795,0.04111158330300305,0.4213662636138873,-14.207574066298022,LSTM,7.4033328000004985,82,1.0,648,3,24
0.046693452675339364,0.003344806252061349,0.21608667861610387,-0.6606211722460997,LSTM,13.368740800000523,83,1.0,648,3,48
0.05374811018604614,0.0036935055685995808,0.23183638667397777,-0.7583994741344446,LSTM,25.637804300000425,84,1.0,648,3,96
0.2883140870364513,0.08752833793394751,0.5369488681768976,-28.226556745103945,Linear,6.603449000002001,85,1.0,648,6,1
0.055936437651199586,0.004514073783545688,0.2365088532194928,-0.5072928002579526,LSTM,3.4484157000006235,86,1.0,648,6,3
0.06846270971021104,0.006611537088827725,0.2616537974312833,-1.5317150485045157,LSTM,4.2235297999977774,87,1.0,648,6,6
0.0861534491053116,0.012638266904976742,0.29351907792392573,-3.747022843503485,LSTM,5.906414599998243,88,1.0,648,6,12
0.07267771521477913,0.008256148912071217,0.2695880472401904,-2.0540296917617726,LSTM,7.688319299999421,89,1.0,648,6,24
0.054128808330282246,0.0035391746355404423,0.23265598709313767,-0.7378174741609513,LSTM,10.546249499999249,90,1.0,648,6,48
0.05579774548476141,0.004110484968143023,0.23621546411012426,-0.888015074054409,LSTM,14.076269400000456,91,1.0,648,6,96
0.42840094196122275,0.19334087633366995,0.6545234464564449,-73.03482723134688,Linear,6.278553100000863,92,1.0,648,12,1
0.05578160022306919,0.004441769425971271,0.23618128677579261,-0.7008593231249054,LSTM,3.2938408000009076,93,1.0,648,12,3
0.10603646025183917,0.021855562123244226,0.3256324004945441,-7.209104415716627,LSTM,3.5426831000004313,94,1.0,648,12,6
0.07218123215992225,0.007825058392472342,0.2686656512469025,-1.9585426204359613,LSTM,5.220169299998815,95,1.0,648,12,12
0.048619416445934815,0.003222087746998893,0.22049810984662616,-0.47757361233233686,LSTM,6.550498900000093,96,1.0,648,12,24
0.06803244411306575,0.005642087305824266,0.2608302975366661,-1.6887352044311825,LSTM,8.843525799999043,97,1.0,648,12,48
0.09809324723556453,0.011068909533418258,0.3131984151230088,-3.8705232193557846,LSTM,10.8250827999982,98,1.0,648,12,96
0.22064693046509115,0.05284618707170107,0.4697306999389024,-18.98038723002566,Linear,5.043383199998061,99,1.0,648,24,1
0.08428806383719596,0.012011603053158557,0.29032406692728036,-3.443208663105345,LSTM,2.7456028000015067,100,1.0,648,24,3
0.058905178310753925,0.0049461002898818825,0.24270389018463204,-0.8296105490109504,LSTM,3.3104340999998385,101,1.0,648,24,6
0.04733350033342226,0.003269060980915573,0.2175626354258062,-0.49911443194094196,LSTM,4.375605999997788,102,1.0,648,24,12
0.04807923006420696,0.00371324321854893,0.2192697655040634,-0.8435418501808352,LSTM,6.173854100001336,103,1.0,648,24,24
0.05605366066588829,0.004078731165165759,0.23675654302656196,-1.0908805714850742,LSTM,8.392725599998812,104,1.0,648,24,48
0.07736415325758325,0.007963255940173438,0.2781441231764267,-2.3081580186449444,LSTM,10.269392199999857,105,1.0,648,24,96
0.09545388848654839,0.01101879188858123,0.3089561271225227,-1.2565273827016914,Linear,5.864108699999633,106,1.0,864,1,1
0.07103146993231998,0.008368156839498273,0.26651729762309984,-0.713706479077685,LSTM,3.482860399999481,107,1.0,864,1,3
0.05673432167688802,0.005315014590328125,0.23818967584025977,-0.7747346652749876,LSTM,4.347408400000859,108,1.0,864,1,6
0.05754127941319685,0.004547844228025197,0.23987763424962497,-0.7414778916996572,LSTM,5.9522164999980305,109,1.0,864,1,12
0.04496854960955644,0.002772291872231026,0.21205789211806392,-0.04816389206423266,LSTM,7.3687471999983245,110,1.0,864,1,24
0.04314709211530872,0.0034841884262176194,0.2077187813253985,-0.7298212908762745,LSTM,10.2332802000019,111,1.0,864,1,48
0.04384419040558404,0.002637947170513461,0.2093900437116914,-0.2558705628766822,LSTM,14.404007799999818,112,1.0,864,1,96
0.1492528089222159,0.02612888958187313,0.38633251082741654,-4.350909193791604,Linear,7.178804099999979,113,1.0,864,3,1
0.07337094907290835,0.007911557017340858,0.270870723912549,-0.6201998576573582,LSTM,3.2778744000024744,114,1.0,864,3,3
0.056316459508064486,0.0048246358088700324,0.2373108920974014,-0.6109924576519496,LSTM,3.6131754999987606,115,1.0,864,3,6
0.05722213927639814,0.004453356263268389,0.23921149486677712,-0.7052961991426256,LSTM,5.032328799999959,116,1.0,864,3,12
0.05250834867026773,0.004021926943572036,0.22914700231569193,-0.4877498497885282,LSTM,6.797721599999932,117,1.0,864,3,24
0.048911898982395785,0.0031930965609937223,0.2211603467676694,-0.585300718373307,LSTM,9.610626899997442,118,1.0,864,3,48
0.05236146917560841,0.0034250984723126266,0.22882628602415503,-0.6306165621558164,LSTM,11.618746899999678,119,1.0,864,3,96
0.3162992915798375,0.10508401736928898,0.5624049178126357,-34.08856753300514,Linear,5.406336299998657,120,1.0,864,6,1
0.07576917783012532,0.007037825182814338,0.2752620166861482,-1.3499977484191237,LSTM,3.099063699999533,121,1.0,864,6,3
0.1122024608673684,0.01979155411709123,0.3349663578142862,-6.5786575373224805,LSTM,3.5813706000008096,122,1.0,864,6,6
0.07750121191736112,0.007416789210910974,0.27839039480082844,-1.785798723381952,LSTM,4.684605800001009,123,1.0,864,6,12
0.0565313000631571,0.004412617425515407,0.2377631175417186,-0.632270054650536,LSTM,6.784105599999748,124,1.0,864,6,24
0.06882922658014415,0.007240441728009154,0.2623532477026807,-2.5552261335804434,LSTM,11.05345970000053,125,1.0,864,6,48
0.05938819253847,0.00457901762071768,0.24369692763444925,-1.1032200237387961,LSTM,20.01239599999826,126,1.0,864,6,96
0.431451022847924,0.1960961156365395,0.6568493151765662,-74.08987399454107,Linear,5.233929399997578,127,1.0,864,12,1
0.09123218496591677,0.012941209815769914,0.30204666024625526,-3.955497518391484,LSTM,3.095644299999549,128,1.0,864,12,3
0.06419673822887337,0.0057704735525178075,0.25337075251274244,-1.16743086513294,LSTM,3.419393100000889,129,1.0,864,12,6
0.06298721244777657,0.00505458242390781,0.25097253325369406,-0.9110652955668179,LSTM,5.000581799999054,130,1.0,864,12,12
0.07091273821745171,0.009244696422869405,0.2662944577295061,-3.2394002153348778,LSTM,6.365381700001308,131,1.0,864,12,24
0.04071281464502377,0.0023840414707772266,0.2017741674373203,-0.13611432858998684,LSTM,8.473664199998893,132,1.0,864,12,48
0.06740868824643187,0.005412015510342105,0.25963183211315183,-1.3813860911097966,LSTM,13.197390799999994,133,1.0,864,12,96
0.24504280285016508,0.06429809051713144,0.4950179823503032,-23.31018807355884,Linear,4.888300000002346,134,1.0,864,24,1
0.06474809852915302,0.005984120291737964,0.25445647668934074,-1.2135842321498358,LSTM,2.813111100000242,135,1.0,864,24,3
0.08853508187730133,0.014066427583387702,0.2975484529909395,-4.203308219631623,LSTM,3.2920912000008684,136,1.0,864,24,6
0.07607606830126938,0.008537067508590587,0.27581890490187466,-2.914898248547776,LSTM,4.448942900002294,137,1.0,864,24,12
0.05831965769516434,0.004881840032941771,0.24149463284960257,-1.4237239192032605,LSTM,6.012407099999109,138,1.0,864,24,24
0.05530346321859246,0.004452250536337857,0.23516688376255798,-1.282357862983722,LSTM,9.306201499999588,139,1.0,864,24,48
0.08570299424645705,0.008644312648692837,0.2927507373969484,-2.591087919224193,LSTM,16.726425000000745,140,1.0,864,24,96
0.10684411316631383,0.030539356864818932,0.32687017784789396,0.9388004143487958,Linear,32.002049100003205,141,0.95,1288,1,1
0.10914764970843435,0.03322166448522192,0.3303750137471573,0.9336393350598211,LSTM,21.301791500001855,142,0.95,1288,1,3
0.1171282447592141,0.03738714480617312,0.34224003967860644,0.9253187392023645,LSTM,23.399220700001024,143,0.95,1288,1,6
0.11278015606531913,0.030826278985782395,0.33582756894769544,0.9386054636019655,LSTM,34.4852372000023,144,0.95,1288,1,12
0.11059521265245013,0.03452641691036897,0.33255858529355414,0.9319361486192337,LSTM,53.61125780000293,145,0.95,1288,1,24
0.11605012555683618,0.03564107795640083,0.3406613062219368,0.930676746550207,LSTM,100.64513000000079,146,0.95,1288,1,48
0.11967724109729061,0.03620334564381584,0.34594398549084593,0.9310036430454415,LSTM,130.27009749999706,147,0.95,1288,1,96
0.29214561688657326,0.1252588217545592,0.5405049647196344,0.749794032597209,Linear,37.333969100000104,148,0.95,1288,3,1
0.1541565892306477,0.061860618957686866,0.3926277998698611,0.8764326871861214,LSTM,22.82752829999663,149,0.95,1288,3,3
0.14606940284839354,0.05850955942513675,0.3821902704784536,0.8834706168261084,LSTM,29.67923829999927,150,0.95,1288,3,6
0.14704009622084796,0.06043036784124304,0.38345807622326583,0.8800003054315837,LSTM,36.53941870000199,151,0.95,1288,3,12
0.1554233966053197,0.06286894162342879,0.39423774122389615,0.8760629488361987,LSTM,58.24756530000013,152,0.95,1288,3,24
0.15035872976630277,0.06462797784947563,0.38776117619780187,0.8742961227523087,LSTM,117.0004805000026,153,0.95,1288,3,48
0.1628316526844295,0.07655513338183167,0.4035240422631959,0.8542585948306122,LSTM,345.3883287999997,154,0.95,1288,3,96
0.2676669683384308,0.11917225912432423,0.5173654108446281,0.7619520129272466,Linear,61.11813299999994,155,0.95,1288,6,1
0.16275663895165385,0.060952257330557987,0.40343108327402566,0.8786056668419422,LSTM,32.84331039999961,156,0.95,1288,6,3
0.16885777532269658,0.07057803162843755,0.41092307713572934,0.8594346877314567,LSTM,38.66451899999811,157,0.95,1288,6,6
0.17115224040484178,0.07144072855112026,0.41370549960671515,0.8581364649574632,LSTM,47.60889650000172,158,0.95,1288,6,12
0.18407180548447286,0.0821197732565915,0.4290359023257527,0.8385823565163697,LSTM,58.51425620000009,159,0.95,1288,6,24
0.17341320989902076,0.0711414599258051,0.4164291174966284,0.8619598487889557,LSTM,95.97341230000166,160,0.95,1288,6,48
0.18085364858273043,0.08167266931603437,0.4252689132569302,0.8445161145408118,LSTM,288.1438027999975,161,0.95,1288,6,96
0.4625219868127075,0.2827355127267178,0.680089690270855,0.43689552231966067,Linear,54.086239000000205,162,0.95,1288,12,1
0.18038958484427292,0.07178722517678314,0.42472295069171023,0.8574484087576769,LSTM,32.26365909999731,163,0.95,1288,12,3
0.19278780814285706,0.08252781409151445,0.43907608468562376,0.8361202680348094,LSTM,37.48683549999987,164,0.95,1288,12,6
0.1920156603950198,0.08669199011906993,0.4381959155389514,0.8290992445962392,LSTM,50.26770609999949,165,0.95,1288,12,12
0.19170752017858797,0.08736031796121509,0.4378441733980115,0.8287414550017496,LSTM,76.89035809999768,166,0.95,1288,12,24
0.19562092657266603,0.08349027677654045,0.44229054542536406,0.8383771655281107,LSTM,138.1960831000033,167,0.95,1288,12,48
0.19779925162290604,0.08863768541644182,0.4447462778066906,0.8315049067455706,LSTM,347.4369747000019,168,0.95,1288,12,96
0.3205199916291892,0.16571609442982985,0.5661448503953641,0.6733146201659406,Linear,97.46023309999873,169,0.95,1288,24,1
0.20467190416166464,0.10049957661708624,0.45240679057863914,0.8018795792087828,LSTM,40.69447189999846,170,0.95,1288,24,3
0.19894642349298983,0.09121859532666075,0.4460341057508829,0.8206973775547464,LSTM,40.48590359999798,171,0.95,1288,24,6
0.215161306040654,0.10839974638599895,0.4638548329387698,0.7874963910675385,LSTM,47.44120970000222,172,0.95,1288,24,12
0.19667723372586612,0.08981971408063553,0.44348307039374807,0.8248590003598538,LSTM,70.18179429999873,173,0.95,1288,24,24
0.19068335092038635,0.0864456045720348,0.43667304808104007,0.8333132373105057,LSTM,105.32060239999919,174,0.95,1288,24,48
0.19410164940927196,0.08272899953847541,0.4405696873472708,0.8434363691540524,LSTM,119.60155680000025,175,0.95,1288,24,96
0.10764153059400287,0.030733211495493806,0.3280876873550772,0.9384119378289272,Linear,35.10871390000102,176,0.95,2576,1,1
0.11888048055943064,0.03757250479150924,0.3447904879190124,0.9249484804549234,LSTM,19.477372100001958,177,0.95,2576,1,3
0.10975995877870412,0.031836743930998626,0.33130040564222696,0.936405730130377,LSTM,22.890303599997424,178,0.95,2576,1,6
0.11455675445836544,0.03401153533804492,0.3384623383160458,0.932261612073656,LSTM,33.311911099997815,179,0.95,2576,1,12
0.11421699900678753,0.03809628123146791,0.33796005534202933,0.9248986759723745,LSTM,46.94795710000108,180,0.95,2576,1,24
0.11349079286440525,0.035219506500872806,0.3368839456911018,0.9314967190800648,LSTM,66.83756880000146,181,0.95,2576,1,48
0.11262811202188709,0.03582309564327651,0.33560112041214507,0.9317283237152144,LSTM,155.21052260000215,182,0.95,2576,1,96
0.17363974240288366,0.07050879399910637,0.416701022800381,0.8591578559830387,Linear,31.82698110000274,183,0.95,2576,3,1
0.14886928209422154,0.06280234478865165,0.3858358227202621,0.8745515787798294,LSTM,17.952013899997837,184,0.95,2576,3,3
0.14814687928423467,0.06184815727949679,0.38489853115364664,0.8768213657899245,LSTM,20.944990800002415,185,0.95,2576,3,6
0.15825718552718834,0.06745320269298752,0.39781551695124756,0.8660547004763445,LSTM,31.33582960000058,186,0.95,2576,3,12
0.14867227372238548,0.06318696826139407,0.38558043742179854,0.8754360051867089,LSTM,46.67511640000157,187,0.95,2576,3,24
0.1484178089076212,0.061340606015170475,0.38525031980210117,0.8806901861173961,LSTM,79.95261949999986,188,0.95,2576,3,48
0.15655028408397903,0.06284316821287328,0.3956643578640601,0.8803626715016086,LSTM,122.97948629999883,189,0.95,2576,3,96
0.3055035448631186,0.14207307689797125,0.5527237509489877,0.7162073604939195,Linear,32.18857289999869,190,0.95,2576,6,1
0.16425722777424454,0.06645595380988972,0.4052865995493122,0.8676443408259182,LSTM,20.850725900003454,191,0.95,2576,6,3
0.17584233124613147,0.07873894313337876,0.4193355830908361,0.8431811730382841,LSTM,22.936408000001393,192,0.95,2576,6,6
0.18384922579155408,0.09099414451021606,0.42877642867997545,0.8193082395687821,LSTM,31.881219499999133,193,0.95,2576,6,12
0.16312737319517928,0.06600028277866199,0.4038902984662782,0.8702674192475354,LSTM,48.63929090000238,194,0.95,2576,6,24
0.17194564582652871,0.07383129262097025,0.41466329211364816,0.8567406009360125,LSTM,82.89119229999778,195,0.95,2576,6,48
0.15980174830065802,0.06288151939856565,0.39975210856311694,0.8802896606472634,LSTM,133.84087999999974,196,0.95,2576,6,96
0.46332042455708655,0.28343679904962504,0.6806764463069709,0.4354988195681858,Linear,36.17744440000024,197,0.95,2576,12,1
0.18841179095161978,0.07495411762793143,0.43406427053101226,0.8511597472710021,LSTM,21.543840099999215,198,0.95,2576,12,3
0.22177378634967387,0.09725994503945495,0.47092864252418737,0.8068659166673131,LSTM,26.637749599998642,199,0.95,2576,12,6
0.18242624167288973,0.07602671814948031,0.4271138509494743,0.8501242900898998,LSTM,34.50030870000046,200,0.95,2576,12,12
0.22234364108032864,0.10061078375960698,0.4715332873513053,0.8027656395956158,LSTM,53.731733300002816,201,0.95,2576,12,24
0.18611961102987612,0.07935789604858956,0.43141582148766416,0.8463767447863759,LSTM,127.48301229999925,202,0.95,2576,12,48
0.1922139876711637,0.08611833471740606,0.43842215691176434,0.8362940461390491,LSTM,150.26239579999674,203,0.95,2576,12,96
0.3598021058861632,0.19710680167054576,0.5998350655689972,0.6114323681524807,Linear,32.485620199997356,204,0.95,2576,24,1
0.18641016940915336,0.08104205906096845,0.4317524399573827,0.8402372688183444,LSTM,21.50474540000141,205,0.95,2576,24,3
0.19833873288167753,0.08920347983294095,0.4453523693455302,0.8246583626067538,LSTM,24.354708299997583,206,0.95,2576,24,6
0.1869157717682579,0.07971339712775209,0.432337566917632,0.8437322490626995,LSTM,33.53333230000135,207,0.95,2576,24,12
0.21061407652169745,0.09563451093475518,0.4589270928172551,0.8135206283314078,LSTM,47.429439899999124,208,0.95,2576,24,24
0.2123229138007302,0.10092746965772927,0.4607851058798778,0.8053889117095563,LSTM,73.71520959999907,209,0.95,2576,24,48
0.22597810139003374,0.11321836267295618,0.47537154036609486,0.7857356182547884,LSTM,128.3577468000003,210,0.95,2576,24,96
0.15306162964781517,0.039962117181713844,0.3912309160174016,0.9199175993099206,Linear,32.76118229999702,211,0.95,3864,1,1
0.11556116309814131,0.030720545802972277,0.339942882111306,0.9386353489989246,LSTM,19.887125299999752,212,0.95,3864,1,3
0.1129600491384157,0.0341964023895608,0.336095297703517,0.9316922846492947,LSTM,23.5352479999965,213,0.95,3864,1,6
0.11289572095427355,0.035006311070811445,0.3359995847531267,0.9302803870623148,LSTM,34.337698100000125,214,0.95,3864,1,12
0.1264947774292505,0.03891800748327158,0.3556610428895053,0.9232787611800682,LSTM,56.85997059999863,215,0.95,3864,1,24
0.11344272978022552,0.03463037989120434,0.3368126033571569,0.9326425927634036,LSTM,73.5496310999988,216,0.95,3864,1,48
0.12383581446094992,0.038903965757468434,0.35190313221247393,0.9258567996792659,LSTM,182.73775860000023,217,0.95,3864,1,96
0.2444009989290393,0.09842451787420856,0.49436929407988045,0.8033958697206627,Linear,34.702990200003114,218,0.95,3864,3,1
0.14560273442500668,0.056817992770603294,0.3815792636202951,0.8865053922117375,LSTM,20.7095288000055,219,0.95,3864,3,3
0.14969140895166622,0.05955303475684621,0.3868997401804067,0.8813924002414004,LSTM,24.5630084000004,220,0.95,3864,3,6
0.13973628303099977,0.05465707617311205,0.37381316594122227,0.89146462811534,LSTM,33.87361320000491,221,0.95,3864,3,12
0.16439736052412957,0.06513629955658638,0.40545944374762016,0.8715931796797274,LSTM,49.35978339999565,222,0.95,3864,3,24
0.15139327406132497,0.06506255692814109,0.38909288616129306,0.8734508499002599,LSTM,77.96045959999901,223,0.95,3864,3,48
0.18379766022651375,0.07797801057999974,0.4287162933998587,0.8515498003568283,LSTM,201.93126520000078,224,0.95,3864,3,96
0.2693533145736412,0.12021729393799256,0.5189925958755492,0.759864543614819,Linear,32.56072829999903,225,0.95,3864,6,1
0.17006878555260202,0.07047133769512698,0.4123939688606055,0.85964718255041,LSTM,22.01027780000004,226,0.95,3864,6,3
0.16495249570564124,0.06820894724757398,0.40614344227826854,0.864153026825125,LSTM,26.356336199998623,227,0.95,3864,6,6
0.17370015931536348,0.07754566144026842,0.4167735108129636,0.8460135852162203,LSTM,33.11549049999303,228,0.95,3864,6,12
0.16583632328341508,0.06605241088508859,0.40723006186112426,0.8701649543262995,LSTM,45.34644560000015,229,0.95,3864,6,24
0.16760484602213901,0.06587895361558621,0.4093957083582326,0.8721710135242494,LSTM,74.42764560000069,230,0.95,3864,6,48
0.18485730981147847,0.08054716203072525,0.42995035738033577,0.846658792713302,LSTM,126.86218139999983,231,0.95,3864,6,96
0.5186722930541925,0.3444477816937792,0.7201890675747532,0.31398752732451374,Linear,31.804875900001207,232,0.95,3864,12,1
0.19541418863113139,0.08625833550106772,0.44205677082376127,0.8287123794893784,LSTM,20.82211390000157,233,0.95,3864,12,3
0.2003524193736058,0.08652357238460319,0.447607438916743,0.8281856849457319,LSTM,24.312065499994787,234,0.95,3864,12,6
0.20765240998160656,0.09746084911595028,0.4556889399377678,0.8078699922180705,LSTM,33.43977840000298,235,0.95,3864,12,12
0.1899482156584892,0.0810555540329859,0.4358304895925585,0.8411011249537906,LSTM,50.08025130000169,236,0.95,3864,12,24
0.2020105128497341,0.09525058822349697,0.4494557963245486,0.8156112226696797,LSTM,112.92235570000048,237,0.95,3864,12,48
0.2023564786836666,0.09527709721635476,0.449840503605074,0.8188837704295113,LSTM,173.94416310000088,238,0.95,3864,12,96
0.27387559243783216,0.13286159190803332,0.5233312454247617,0.7380825334607892,Linear,31.610744999998133,239,0.95,3864,24,1
0.20228297139470233,0.0925106716901178,0.4497587924595831,0.8176285530758322,LSTM,19.51258450000023,240,0.95,3864,24,3
0.20005460141056508,0.0915998962671856,0.447274637566859,0.8199478784166363,LSTM,24.065831600004458,241,0.95,3864,24,6
0.18826135882993117,0.07953903611913836,0.43389095269425837,0.8440740611501151,LSTM,36.249865400001,242,0.95,3864,24,12
0.20648100908119466,0.09206548911481768,0.4544018145663534,0.8204799251370087,LSTM,46.77968189999956,243,0.95,3864,24,24
0.20845073210598242,0.09576182597959738,0.4565640503872183,0.8153494461540548,LSTM,72.70922629999404,244,0.95,3864,24,48
0.2027464224290446,0.09295277613822585,0.4502737194518958,0.8240879956170277,LSTM,125.76542199999676,245,0.95,3864,24,96
0.10785651805173027,0.03077999407475559,0.32841516111734287,0.9383181875093252,Linear,30.728380200001993,246,0.95,5152,1,1
0.10822017055022577,0.03227162730996393,0.32896834277818554,0.9355370454739412,LSTM,18.447388499997032,247,0.95,5152,1,3
0.11604092018423777,0.034015463480348535,0.34064779492055686,0.9320537122452605,LSTM,24.89595630000258,248,0.95,5152,1,6
0.1235437420969388,0.037312226627376294,0.3514878975113351,0.9256878568826712,LSTM,40.94453149999754,249,0.95,5152,1,12
0.12276992711651112,0.04400307090704506,0.3503853979784419,0.9132542920312425,LSTM,57.717623299999104,250,0.95,5152,1,24
0.11504265597362776,0.033344465057913567,0.3391793861272052,0.9351437460678045,LSTM,134.71240149999358,251,0.95,5152,1,48
0.11980501234016441,0.03914114772936919,0.3461286066481134,0.9254047781407746,LSTM,222.39047079999727,252,0.95,5152,1,96
0.1737018380637594,0.07052987819731489,0.41677552478973545,0.8591157400495197,Linear,70.90805340000225,253,0.95,5152,3,1
0.15034262312612082,0.06209354620850484,0.38774040687826283,0.8759674122672851,LSTM,36.888222399997176,254,0.95,5152,3,3
0.15734529719256485,0.06691333206345171,0.39666774155779905,0.8667334126581387,LSTM,37.39093039999716,255,0.95,5152,3,6
0.1512667473297379,0.06436558729896646,0.3889302602392078,0.8721859374266249,LSTM,52.4691759999987,256,0.95,5152,3,12
0.1497243794691487,0.06451968066470279,0.3869423464408473,0.8728087548934743,LSTM,70.97753650000232,257,0.95,5152,3,24
0.1357351603137202,0.05044634439234904,0.36842252959573496,0.9018799397087734,LSTM,98.89528090000385,258,0.95,5152,3,48
0.15402491361352855,0.06631416774236461,0.3924600790061692,0.8737547756437667,LSTM,257.11979509999946,259,0.95,5152,3,96
0.31153625219946646,0.14616208756655086,0.5581543265078812,0.7080395136650788,Linear,35.24607510000351,260,0.95,5152,6,1
0.163225311801324,0.06223845983165595,0.4040115243422197,0.8760440275891046,LSTM,21.396591500000795,261,0.95,5152,6,3
0.16714168393620638,0.06482213906197097,0.40882965148849754,0.8708982949945354,LSTM,26.49956039999961,262,0.95,5152,6,6
0.16760195395974192,0.0680165904673239,0.40939217623171786,0.8649359523492182,LSTM,33.59181079999689,263,0.95,5152,6,12
0.17457056923123565,0.07246403287671176,0.41781643006377295,0.8575620345695458,LSTM,45.29835619999358,264,0.95,5152,6,24
0.17348871882169775,0.07371617576860723,0.41651977002502266,0.8569639692464703,LSTM,74.83204789999581,265,0.95,5152,6,48
0.17795644741224828,0.07635322412182671,0.42184884427037167,0.8546429784502326,LSTM,139.33994830000302,266,0.95,5152,6,96
0.40181555267607855,0.22345865902930256,0.6338892274491487,0.5549530716452027,Linear,36.715592699998524,267,0.95,5152,12,1
0.18542928379958393,0.07882944216314475,0.43061500647281664,0.8434643156992335,LSTM,21.972693299998355,268,0.95,5152,12,3
0.20020291381839003,0.09437147222881506,0.4474404025324379,0.812601705930694,LSTM,25.743987300003937,269,0.95,5152,12,6
0.1954357419214513,0.08637848309226778,0.44208114857054387,0.8297172784841599,LSTM,33.353654300000926,270,0.95,5152,12,12
0.1940262636465182,0.08664502445941862,0.4404841241708016,0.8301436949113931,LSTM,53.225859899997886,271,0.95,5152,12,24
0.19053233784053286,0.08719905191119935,0.4365001006191555,0.831197613934495,LSTM,123.4761800999986,272,0.95,5152,12,48
0.19636834684996096,0.08815701452029871,0.44313468251758514,0.8324186342091184,LSTM,234.47125960000267,273,0.95,5152,12,96
0.3218557045666875,0.16711222591928443,0.5673232804730364,0.6705623482909606,Linear,36.90645900000527,274,0.95,5152,24,1
0.19958612698648442,0.09072262540480819,0.44675063176954144,0.821153428447093,LSTM,19.882404800002405,275,0.95,5152,24,3
0.19555986682341217,0.08405240957515532,0.44222151329781795,0.8347834955614242,LSTM,24.490508200004115,276,0.95,5152,24,6
0.18928652390835732,0.0824723969344393,0.43507071138880093,0.8383235886597751,LSTM,33.76685980000184,277,0.95,5152,24,12
0.21727640000698695,0.1049546055294876,0.46612916665553866,0.7953472161716149,LSTM,47.00818950000394,278,0.95,5152,24,24
0.1891221516295784,0.08121833217755949,0.434881767414522,0.8433926059197585,LSTM,81.9311338999978,279,0.95,5152,24,48
0.20207024534897453,0.09062074396477356,0.4495222412172445,0.82850133829447,LSTM,125.58910479999759,280,0.95,5152,24,96
0.10425735494678195,0.02990730305888378,0.3228890752979759,0.9400670235705851,Linear,36.32735430000321,281,0.95,6440,1,1
0.11629064738316014,0.03301299372853109,0.3410141454297169,0.9340561573467879,LSTM,22.419777900002373,282,0.95,6440,1,3
0.12085492696558217,0.03611420800041776,0.34764195225200045,0.9278614454203004,LSTM,25.646548199998506,283,0.95,6440,1,6
0.10959791621260205,0.03203578189724892,0.3310557599749656,0.9361965815388463,LSTM,33.89089519999834,284,0.95,6440,1,12
0.1312230486850445,0.050993873532397815,0.3622472203965746,0.8994729329009418,LSTM,62.24974220000149,285,0.95,6440,1,24
0.12910742270870695,0.04053317012950783,0.3593152135781436,0.9211614410358535,LSTM,115.60356260000117,286,0.95,6440,1,48
0.13062183876026548,0.05140902689701517,0.3614164339930677,0.9020246469657741,LSTM,243.1111019000018,287,0.95,6440,1,96
0.1872286054023353,0.07503632451600305,0.4326992089227057,0.8501140606075281,Linear,37.8106872999997,288,0.95,6440,3,1
0.15041506620917944,0.06431260049808658,0.38783381261718197,0.8715348252648938,LSTM,21.279891800004407,289,0.95,6440,3,3
0.15424745792862732,0.0602172789869634,0.3927435014467169,0.8800694716264378,LSTM,25.85030839999672,290,0.95,6440,3,6
0.15152801931825585,0.061525220708495386,0.3892660007222001,0.8778261996903645,LSTM,34.874835300004634,291,0.95,6440,3,12
0.14582086983610695,0.06013741449950142,0.3818649890158915,0.8814477606076655,LSTM,49.087265100002696,292,0.95,6440,3,24
0.15108742999638344,0.06137939954105352,0.38869966554704344,0.880614731232718,LSTM,79.81919139999809,293,0.95,6440,3,48
0.16234345210225132,0.06532265804927545,0.4029186668575326,0.8756423566527258,LSTM,158.86313260000315,294,0.95,6440,3,96
0.3041581346738425,0.14103971430737083,0.5515053351272701,0.7182715144036989,Linear,35.559691499998735,295,0.95,6440,6,1
0.17314458781248193,0.07481582990173524,0.4161064621133418,0.8509945623287929,LSTM,20.885290599995642,296,0.95,6440,6,3
0.16402883938944274,0.0651433200102895,0.40500473995922903,0.8702586214409745,LSTM,23.82582170000387,297,0.95,6440,6,6
0.1697078420816936,0.06973760024711581,0.4119561166941129,0.8615184545695118,LSTM,33.057455999995,298,0.95,6440,6,12
0.16816395111780102,0.07067811704901557,0.410077981752009,0.8610724963369703,LSTM,48.36533259999851,299,0.95,6440,6,24
0.16694894027926346,0.06841172542567982,0.40859385736849185,0.867256520568763,LSTM,89.13573980000365,300,0.95,6440,6,48
0.1739810233900639,0.07394434808569514,0.4171103252019349,0.8592288626734844,LSTM,215.543565400003,301,0.95,6440,6,96
0.44239791023934627,0.26126317861588294,0.6651299949929684,0.47966046319126,Linear,37.16296789999615,302,0.95,6440,12,1
0.20541995400122232,0.1063111684770977,0.4532327812517783,0.7888924360020781,LSTM,21.989000900000974,303,0.95,6440,12,3
0.1887400896353441,0.08356734783110634,0.4344422742267885,0.8340560123352198,LSTM,27.023844199997257,304,0.95,6440,12,6
0.17987675115384485,0.07311919890806018,0.424118793681493,0.8558560449386141,LSTM,36.33431250000285,305,0.95,6440,12,12
0.2002248991389739,0.09690282036223853,0.4474649697339155,0.810034619736256,LSTM,48.66581949999818,306,0.95,6440,12,24
0.200542316586035,0.09470573273241699,0.4478195134047142,0.8166659693089993,LSTM,108.32669460000034,307,0.95,6440,12,48
0.1924948290352215,0.08190208187151242,0.4387423264687617,0.8443088979835596,LSTM,125.0325393000021,308,0.95,6440,12,96
0.3064780755222962,0.15543638012498773,0.5536046202140081,0.6935795943304444,Linear,34.06179610000254,309,0.95,6440,24,1
0.19644115334865606,0.08892102640841389,0.4432168243068578,0.8247050210336233,LSTM,20.879049800001667,310,0.95,6440,24,3
0.1875877802442933,0.07951922654652192,0.4331140499271448,0.8436940866766189,LSTM,23.654119200000423,311,0.95,6440,24,6
0.19410106366473215,0.08617661305341781,0.4405690225886656,0.8310619545712068,LSTM,32.81923420000385,312,0.95,6440,24,12
0.19905276078759884,0.08251688165828594,0.4461532929247512,0.83909891844183,LSTM,46.14973520000058,313,0.95,6440,24,24
0.19096875971278449,0.0830717781794851,0.43699972507174933,0.8398187409972995,LSTM,80.89401599999837,314,0.95,6440,24,48
0.20561803028360995,0.09322312000812424,0.4534512435572428,0.8235763731136206,LSTM,135.13083339999866,315,0.95,6440,24,96
0.23931255032957383,0.07991242056278013,0.48919582002463374,0.7996658735959752,Linear,55.468127499996626,316,0.9,1810,1,1
0.1357312692593117,0.040728859246578625,0.36841724886236216,0.8978959668705604,LSTM,30.547647999999754,317,0.9,1810,1,3
0.1357488562738506,0.042449015028054614,0.3684411164268323,0.8936188782663788,LSTM,36.05061399999977,318,0.9,1810,1,6
0.12665661568331327,0.037648187428571366,0.3558884877083175,0.9057084480261933,LSTM,49.55248769999889,319,0.9,1810,1,12
0.13083011008138856,0.04145927550090794,0.36170445128777245,0.8962843555001784,LSTM,73.50055369999609,320,0.9,1810,1,24
0.1390713334810459,0.05008312917385842,0.3729226910246223,0.8754585367452957,LSTM,125.66406309999729,321,0.9,1810,1,48
0.13359574178950198,0.041761707503232395,0.3655075126307283,0.898494533673889,LSTM,228.34085429999686,322,0.9,1810,1,96
0.16829041568984157,0.0708309188587162,0.4102321485328052,0.8224324810583411,Linear,46.642479599999206,323,0.9,1810,3,1
0.1750099001466363,0.07224805380621249,0.4183418460381848,0.818939756272405,LSTM,29.59578920000058,324,0.9,1810,3,3
0.1690751099953118,0.07364812320682759,0.4111874390047826,0.8154310540506003,LSTM,33.76188169999659,325,0.9,1810,3,6
0.16613380263016045,0.0688500490515391,0.40759514549385945,0.8275620043897374,LSTM,45.29302219999954,326,0.9,1810,3,12
0.16753118281446036,0.06796175406567244,0.4093057326919089,0.8300976671413832,LSTM,66.4353243000005,327,0.9,1810,3,24
0.1811412947297309,0.07315673818051954,0.4256069721347747,0.8184364794297821,LSTM,104.2757214000012,328,0.9,1810,3,48
0.17179158408624357,0.07313961124574324,0.41447748320776556,0.8222278065178485,LSTM,336.9926032000003,329,0.9,1810,3,96
0.26015185466261953,0.11315732477065762,0.5100508353709653,0.7164173742659883,Linear,49.345059000006586,330,0.9,1810,6,1
0.20597647400151423,0.09288577505216462,0.45384631099251455,0.7672197355671144,LSTM,35.235459399998945,331,0.9,1810,6,3
0.19875180417780527,0.08642888707649111,0.4458158859639316,0.7835350264000618,LSTM,45.62008359999891,332,0.9,1810,6,6
0.21143152823859634,0.09531534761029296,0.4598168420562652,0.7613795427970951,LSTM,64.41401469999983,333,0.9,1810,6,12
0.20032139967343773,0.09273208644025288,0.44757278701171915,0.7681725842181589,LSTM,72.36098359999596,334,0.9,1810,6,24
0.21918169854907968,0.09451757882580591,0.4681684510398791,0.7654222318518286,LSTM,158.08306959999754,335,0.9,1810,6,48
0.19500142822470418,0.0829556696109558,0.4415896604594634,0.7988316045288592,LSTM,337.83552999999665,336,0.9,1810,6,96
0.2508599832452702,0.12858558819177104,0.5008592449433974,0.6779517023211185,Linear,53.26221929999883,337,0.9,1810,12,1
0.2440612644972619,0.12695375099643233,0.49402557069170205,0.6820387108128022,LSTM,29.795488299998397,338,0.9,1810,12,3
0.2589614606407188,0.14336177224101404,0.5088825607551498,0.6410960826850585,LSTM,36.817524300000514,339,0.9,1810,12,6
0.24594915059891104,0.1352629284096099,0.49593260691238183,0.6616226012770364,LSTM,48.36243320000358,340,0.9,1810,12,12
0.24969369440004116,0.12978758975710114,0.49969360051939943,0.6762946743692011,LSTM,70.86892589999479,341,0.9,1810,12,24
0.25941907795850366,0.14556277684853122,0.5093319918859444,0.6394072369814696,LSTM,111.6173695000034,342,0.9,1810,12,48
0.2489999207465664,0.13098678712121511,0.49899891858256207,0.6831682339833076,LSTM,297.6191584000044,343,0.9,1810,12,96
0.36694697455229286,0.18516179021986187,0.6057614832195035,0.5367942594902997,Linear,51.056512700000894,344,0.9,1810,24,1
0.2382847547314693,0.12446037860324997,0.48814419461002434,0.6888528119400059,LSTM,36.5880066000027,345,0.9,1810,24,3
0.2341474308459509,0.13180288040421997,0.4838878287846791,0.6704967791660739,LSTM,47.379739800002426,346,0.9,1810,24,6
0.24546336511251207,0.1230101693599601,0.4954425951737619,0.6931983481387753,LSTM,64.5907911999966,347,0.9,1810,24,12
0.23686862609725945,0.1189930185199312,0.4866915101964071,0.7041006644748222,LSTM,98.21699439999793,348,0.9,1810,24,24
0.2341615664650043,0.1165837401599835,0.48390243486161993,0.7134066973491686,LSTM,180.08252769999672,349,0.9,1810,24,48
0.23986481510321578,0.12424975897477107,0.4897599566146826,0.7011753940123415,LSTM,508.8505298999953,350,0.9,1810,24,96
0.178141600359172,0.05211085869154033,0.4220682413534238,0.8693621932784297,Linear,97.51063740000245,351,0.9,3620,1,1
0.13097446101558707,0.038016586356893874,0.3619039389335063,0.9046954207739426,LSTM,50.861137200001394,352,0.9,3620,1,3
0.1232738113205789,0.03670857165364486,0.3511037045099053,0.9080049554230442,LSTM,40.908534399997734,353,0.9,3620,1,6
0.12472471298218686,0.038096992935065147,0.3531638613762553,0.9045843947680656,LSTM,50.2168135000029,354,0.9,3620,1,12
0.12983527996058794,0.04240996711639296,0.36032662954684314,0.8939060796516667,LSTM,77.9881497000024,355,0.9,3620,1,24
0.1182513050857111,0.03719687427187377,0.3438768748923241,0.9075027214406075,LSTM,133.20179510000162,356,0.9,3620,1,48
0.12741553709741335,0.04174882679337469,0.356953130112923,0.8985258413607362,LSTM,194.17578140000114,357,0.9,3620,1,96
0.1672755079905507,0.07080863611149987,0.4089932859969106,0.8224883421455917,Linear,52.4432009000011,358,0.9,3620,3,1
0.19681616889844747,0.08721032500042898,0.44363968363802564,0.7814429335011006,LSTM,28.71752689999994,359,0.9,3620,3,3
0.1676107087081061,0.07161136196103558,0.4094028684658989,0.8205353643835427,LSTM,34.397195899997314,360,0.9,3620,3,6
0.18297113893938877,0.08149156798817618,0.4277512582557634,0.7959007606152981,LSTM,45.88797350000095,361,0.9,3620,3,12
0.16503871235869413,0.06971936818484827,0.40624956905662574,0.8257036849197846,LSTM,71.67579159999877,362,0.9,3620,3,24
0.19074965322379916,0.07862040198830932,0.43674895904146027,0.804876524997334,LSTM,113.2841907999973,363,0.9,3620,3,48
0.17454822993956584,0.0775776731940075,0.41778969582741726,0.8114407105254765,LSTM,194.73724299999594,364,0.9,3620,3,96
0.2531398417681792,0.11032500199987483,0.5031300445890498,0.7235154346866699,Linear,50.07837219999783,365,0.9,3620,6,1
0.22848880994460155,0.10890988696710366,0.47800503129632593,0.7270618426414555,LSTM,28.083304699997825,366,0.9,3620,6,3
0.21954639780851315,0.09682771187887854,0.4685577849193343,0.7574907093613961,LSTM,38.02136040000187,367,0.9,3620,6,6
0.2080813063788221,0.09580487945566707,0.45615929934489124,0.760154007605888,LSTM,48.917018400003144,368,0.9,3620,6,12
0.2008551444089939,0.08387809499326548,0.4481686562099071,0.7903072954632477,LSTM,79.25996579999628,369,0.9,3620,6,24
0.20958516606553326,0.09641397828182495,0.4578047248178346,0.7607156666029429,LSTM,159.85859010000422,370,0.9,3620,6,48
0.20200960474022464,0.08455339507985811,0.4494547860911314,0.7949571029970193,LSTM,205.4637561000054,371,0.9,3620,6,96
0.2627665363640182,0.12886309271577726,0.5126075851604405,0.6772566799565507,Linear,44.36304940000264,372,0.9,3620,12,1
0.24066091336279605,0.12381833632307343,0.4905720266819094,0.6898914956565181,LSTM,25.129745600002934,373,0.9,3620,12,3
0.24756687745655398,0.13143449015348962,0.4975609283862168,0.6709558437442078,LSTM,30.610492200001318,374,0.9,3620,12,6
0.2456812064867368,0.12475540368732849,0.495662391640456,0.6879085092072259,LSTM,43.51978579999559,375,0.9,3620,12,12
0.24476942413825228,0.13687649558926218,0.49474177521031343,0.6586141197409787,LSTM,70.55002160000004,376,0.9,3620,12,24
0.24904321808375543,0.12958868607070856,0.49904230089618196,0.6789787651907573,LSTM,105.38746300000639,377,0.9,3620,12,48
0.25108152249971505,0.13485188000212353,0.5010803553320715,0.6738193200188516,LSTM,205.00715669999772,378,0.9,3620,12,96
0.2423095772904962,0.13869564362406747,0.4922495071510953,0.6530352280885201,Linear,45.07805709999957,379,0.9,3620,24,1
0.22651677846229426,0.11890771292886741,0.47593778843699125,0.702734308446849,LSTM,27.554870899999514,380,0.9,3620,24,3
0.2377776215643118,0.12163169176416293,0.487624467766243,0.6959244436171834,LSTM,33.18934420000005,381,0.9,3620,24,6
0.24593192885304854,0.1245438278584738,0.4959152436183511,0.6893732256860281,LSTM,50.62843170000269,382,0.9,3620,24,12
0.23695840637510393,0.12098549128525063,0.48678373676110415,0.6991459925567274,LSTM,70.17989690000104,383,0.9,3620,24,24
0.24095670671938918,0.13143362463360528,0.49087341211292873,0.6769018002731407,LSTM,123.85924940000405,384,0.9,3620,24,48
0.24640142529583745,0.12929255204784387,0.49638838150770354,0.6890473169394173,LSTM,194.17314359999727,385,0.9,3620,24,96
0.16845096699070428,0.04760037853309868,0.4104277853541403,0.8806696107717368,Linear,46.23438250000618,386,0.9,5430,1,1
0.12977927622290686,0.03990524042142612,0.3602489087046717,0.8999607142110219,LSTM,29.138586799999757,387,0.9,5430,1,3
0.12432973451392808,0.04047183196881871,0.3526042179468761,0.8985738802040024,LSTM,45.795729800003755,388,0.9,5430,1,6
0.12461091176909377,0.037227536644864334,0.35300270787784865,0.9067619865347866,LSTM,63.8705168000015,389,0.9,5430,1,12
0.12113772051515727,0.040967947864839094,0.3480484456439323,0.8975134739982655,LSTM,92.69019249999837,390,0.9,5430,1,24
0.13007097632441766,0.041968379874991434,0.3606535405682546,0.8956374426622504,LSTM,172.12261379999836,391,0.9,5430,1,48
0.1473882475765907,0.058728984973182144,0.38391177056270454,0.8572540884229742,LSTM,266.69761460000154,392,0.9,5430,1,96
0.16734455815069685,0.07079779435105821,0.40907769207168565,0.8225155215826738,Linear,92.2615272999974,393,0.9,5430,3,1
0.18390709493471186,0.08150123273138168,0.42884390509218134,0.7957504419146787,LSTM,47.98066889999609,394,0.9,5430,3,3
0.18306473490794484,0.0780055920281105,0.42786064893601145,0.8045108378613438,LSTM,53.249338499997975,395,0.9,5430,3,6
0.17355199406954785,0.07472538802667676,0.41659572017670543,0.8128469578449601,LSTM,73.59414950000064,396,0.9,5430,3,12
0.1683164087383265,0.07104990478804961,0.41026382821097757,0.8223773835912574,LSTM,101.75064649999695,397,0.9,5430,3,24
0.17255648662204973,0.07268663909145366,0.4153991894816957,0.8196031914477107,LSTM,157.09345190000022,398,0.9,5430,3,48
0.17194330397713836,0.07284958586756247,0.4146604683076726,0.8229327384523574,LSTM,208.652871899998,399,0.9,5430,3,96
0.2227078193447234,0.1020230853501283,0.471919293253331,0.7443207986074907,Linear,51.39267149999796,400,0.9,5430,6,1
0.249123413845653,0.11951421153633893,0.49912264409226414,0.7004864334792621,LSTM,28.832532500004163,401,0.9,5430,6,3
0.1995400726815037,0.08999064456491561,0.4466990851585704,0.7746144471032481,LSTM,34.162749100003566,402,0.9,5430,6,6
0.20426423391565232,0.0953956738768725,0.4519560088279083,0.7611784472659223,LSTM,48.496474799998396,403,0.9,5430,6,12
0.22245918322562844,0.11366040715032276,0.4716557889241141,0.7158524144353399,LSTM,65.9868443000014,404,0.9,5430,6,24
0.2171826332935928,0.10046297661144177,0.46602857561912747,0.7506666894370375,LSTM,139.7356207999983,405,0.9,5430,6,48
0.20021491403356914,0.07870055506699453,0.4474538121790551,0.8091503032913312,LSTM,197.5247218000004,406,0.9,5430,6,96
0.24950870862382526,0.13432955256710624,0.499508467019154,0.6635656892770594,Linear,43.175908099998196,407,0.9,5430,12,1
0.2538294078302487,0.1382769417007964,0.5038148547137616,0.6536792784540586,LSTM,25.093475800000306,408,0.9,5430,12,3
0.24653516360183883,0.1215293022273062,0.4965230745915429,0.6957533242222765,LSTM,30.182794000000285,409,0.9,5430,12,6
0.22993263714540882,0.11103256474660791,0.47951291655742584,0.7222379341165666,LSTM,44.328233699998236,410,0.9,5430,12,12
0.2531657328387624,0.1411228929341388,0.5031557739296673,0.6480231114800687,LSTM,73.45312900000135,411,0.9,5430,12,24
0.25724778405628507,0.1462188381866916,0.5071960016170131,0.6377820208667548,LSTM,128.57948139999644,412,0.9,5430,12,48
0.2543674565146263,0.13451959755122464,0.5043485466566017,0.6746230471584235,LSTM,187.3013243000023,413,0.9,5430,12,96
0.2772883859663028,0.16421632059824998,0.526581794184249,0.5891920125844013,Linear,45.23156030000246,414,0.9,5430,24,1
0.24881318486201504,0.13948818469186525,0.49881177297856055,0.6512837505273854,LSTM,26.625173300002643,415,0.9,5430,24,3
0.24342996731551236,0.12992171551082576,0.49338622529972637,0.6751996345922384,LSTM,32.44009759999608,416,0.9,5430,24,6
0.23869407756554942,0.12020091994322112,0.48856327897781,0.7002049425206074,LSTM,44.53457840000192,417,0.9,5430,24,12
0.2416091408826525,0.12207294948645159,0.49153752744083795,0.696441815764264,LSTM,63.48254630000156,418,0.9,5430,24,24
0.24655832999647515,0.1287783736302642,0.4965464026619014,0.6834291011932363,LSTM,98.00924099999975,419,0.9,5430,24,48
0.23847064663652628,0.11901722496722411,0.48833456424517635,0.7137598040427846,LSTM,199.75813129999733,420,0.9,5430,24,96
0.24470006606480488,0.08276717078403975,0.4946716750176877,0.7925092402760215,Linear,43.37047019999591,421,0.9,7240,1,1
0.1222634296982985,0.03747277485395244,0.3496618791036542,0.9060587132584275,LSTM,28.26030449999962,422,0.9,7240,1,3
0.12134556144325426,0.037014874216198215,0.3483468981392748,0.9072373331313897,LSTM,31.34378380000271,423,0.9,7240,1,6
0.126320584631809,0.03981961092364937,0.3554160725569526,0.9002700217611374,LSTM,43.794175000002724,424,0.9,7240,1,12
0.12738585327244137,0.03768096015119509,0.3569115482475194,0.9057362913308095,LSTM,63.98379449999629,425,0.9,7240,1,24
0.13084715370157365,0.04134500742115392,0.3617280106676474,0.8971875797809615,LSTM,100.63890710000123,426,0.9,7240,1,48
0.15596709904722045,0.06829148161161837,0.39492670085374126,0.834011607725766,LSTM,219.5445908000038,427,0.9,7240,1,96
0.16692430523230822,0.071065539778164,0.40856371012647247,0.8218443049450077,Linear,45.488076399997226,428,0.9,7240,3,1
0.18755649672311764,0.07877043137059389,0.4330779337753398,0.8025940803783819,LSTM,26.16688730000169,429,0.9,7240,3,3
0.16568675516634646,0.06799344500788192,0.40704637962564716,0.82960219581794,LSTM,32.08326140000281,430,0.9,7240,3,6
0.17034626848645545,0.07468877345062533,0.4127302611712103,0.8129386606714853,LSTM,45.0474166999993,431,0.9,7240,3,12
0.16812194440634393,0.06668518058308061,0.41002676059782234,0.8332890622979622,LSTM,64.72616199999902,432,0.9,7240,3,24
0.18363253011311267,0.07856252080966995,0.42852366342258474,0.8050201769811414,LSTM,101.28638719999435,433,0.9,7240,3,48
0.17759958835166886,0.07949965018750525,0.42142566171469537,0.8067691780940512,LSTM,207.92482810000365,434,0.9,7240,3,96
0.23405901150513353,0.10422995432921063,0.4837964566893122,0.7387901827060674,Linear,44.38834259999567,435,0.9,7240,6,1
0.2047169783851253,0.0895791866856527,0.45245660386950404,0.7755063490329016,LSTM,26.127697699994314,436,0.9,7240,6,3
0.20997243916930144,0.09590932415460024,0.4582274971772225,0.7597908520707944,LSTM,31.164859500000603,437,0.9,7240,6,6
0.20785702869207245,0.09558087670854586,0.45591340043046824,0.7607147949216025,LSTM,44.039746399997966,438,0.9,7240,6,12
0.197286502479685,0.08555084678959612,0.4441694524386892,0.786125466486094,LSTM,68.35424179999973,439,0.9,7240,6,24
0.2211898197928535,0.10781931654777138,0.47030821786659593,0.7324094104690291,LSTM,101.47874140000204,440,0.9,7240,6,48
0.19848017221108652,0.08303373182852737,0.44551113590020003,0.7986423028074766,LSTM,195.18606519999594,441,0.9,7240,6,96
0.24909994020464643,0.12913577620127284,0.49909912863543093,0.6765737320963439,Linear,45.47474250000232,442,0.9,7240,12,1
0.23543110139424234,0.1254326289139498,0.485212429142373,0.685848428403351,LSTM,25.549507299998368,443,0.9,7240,12,3
0.24121672688364978,0.12082003533190597,0.49113819530112884,0.6975289626173782,LSTM,30.610959900004673,444,0.9,7240,12,6
0.2417902883039321,0.12014382586717741,0.491721759030381,0.6994449569622663,LSTM,44.67278990000341,445,0.9,7240,12,12
0.2585217494579594,0.14617922197658517,0.5084503411917032,0.6354120394796966,LSTM,63.85060720000183,446,0.9,7240,12,24
0.26286577166904324,0.14287241301199574,0.5127043706357917,0.6460718922617887,LSTM,105.70036979999713,447,0.9,7240,12,48
0.24718969131340102,0.12144044801856414,0.4971817487734249,0.7062589864428528,LSTM,199.28552180000406,448,0.9,7240,12,96
0.2414451227140081,0.13595526414232756,0.49137065715609035,0.659890635489851,Linear,43.56958879999729,449,0.9,7240,24,1
0.2408863948100749,0.12797150267096194,0.4908017877005695,0.6800751077994707,LSTM,26.098076000002038,450,0.9,7240,24,3
0.23894369480149136,0.11757972984415603,0.4888186727217889,0.7060542260562624,LSTM,31.346922700002324,451,0.9,7240,24,6
0.24783501410466893,0.12894204906576984,0.4978303065349366,0.6784035510756239,LSTM,45.684370100003434,452,0.9,7240,24,12
0.25093453962561213,0.12640176481440946,0.5009336678898836,0.6856773726474656,LSTM,64.58782369999972,453,0.9,7240,24,24
0.23693944591615526,0.11700158743312766,0.4867642611327944,0.7123795195467606,LSTM,131.63955610000266,454,0.9,7240,24,48
0.2615218940322552,0.14848779950599122,0.5113921137759705,0.6428821387865875,LSTM,330.42547589999594,455,0.9,7240,24,96
0.11434143849264183,0.03408400894682551,0.3381441090609769,0.9145540817231916,Linear,49.15416759999789,456,0.9,9050,1,1
0.12490230928388533,0.03703003578931588,0.353415208054047,0.9071686251233699,LSTM,30.069719400002214,457,0.9,9050,1,3
0.1332868692807551,0.0446925029394527,0.3650847426019815,0.8879964919647739,LSTM,33.97984260000521,458,0.9,9050,1,6
0.12198719749531589,0.04114869538088378,0.3492666567184962,0.8969412709038839,LSTM,45.056491199997254,459,0.9,9050,1,12
0.130083671708862,0.047755564579455054,0.36067114066537403,0.880533388512721,LSTM,68.81489940000029,460,0.9,9050,1,24
0.1407179689482477,0.04216743024396589,0.3751239381167879,0.8951424651194654,LSTM,197.9014426000067,461,0.9,9050,1,48
0.14205652167325072,0.04495912311991767,0.3769038626403963,0.8907229366149108,LSTM,181.29168500000378,462,0.9,9050,1,96
0.17854998793852378,0.07509397754003372,0.42255175770374426,0.8117453296653997,Linear,58.37503380000271,463,0.9,9050,3,1
0.1948378777057724,0.08888430482063454,0.44140443779573896,0.7772477866663573,LSTM,27.313550699996995,464,0.9,9050,3,3
0.16767773244982323,0.07172989498248339,0.409484715770715,0.8202383097693011,LSTM,32.660871100000804,465,0.9,9050,3,6
0.1683119875369347,0.07010678756093575,0.41025843993382355,0.8244144471613559,LSTM,61.166225699998904,466,0.9,9050,3,12
0.18755693607416568,0.08052198824743267,0.43307844101752013,0.7986974609802904,LSTM,64.26727219999884,467,0.9,9050,3,24
0.17794571026517636,0.07362108023422284,0.4218361177817475,0.8172840554683538,LSTM,108.68804130000353,468,0.9,9050,3,48
0.1716351694423228,0.0772288274345429,0.414288751286253,0.8122886105182534,LSTM,261.7232436999984,469,0.9,9050,3,96
0.22610612633398708,0.10257254944130728,0.47550617907024834,0.7429437912415168,Linear,47.564792999997735,470,0.9,9050,6,1
0.20793984351881184,0.0901660943870276,0.45600421436518745,0.7740355045484041,LSTM,26.530210000004445,471,0.9,9050,6,3
0.2003096813163024,0.0866591605446238,0.44755969581308636,0.7829582963056896,LSTM,30.418821300001582,472,0.9,9050,6,6
0.21041599507965628,0.09346724968024063,0.45871123278120873,0.7660062265797308,LSTM,46.5801505000054,473,0.9,9050,6,12
0.21250261713420018,0.0930797822643246,0.4609800615365053,0.7673033551576803,LSTM,74.93413380000129,474,0.9,9050,6,24
0.2043217539855461,0.0878179736023828,0.45201963893789626,0.7820495985312144,LSTM,116.68001730000105,475,0.9,9050,6,48
0.19872083445333696,0.08369724467040796,0.4457811508502092,0.797033276994032,LSTM,220.83384939999814,476,0.9,9050,6,96
0.2543604316655818,0.1282093012461065,0.5043415823284669,0.678894129633496,Linear,50.67036489999737,477,0.9,9050,12,1
0.252542844074163,0.14164652345860496,0.5025364106949496,0.6452400117815476,LSTM,26.87350929999957,478,0.9,9050,12,3
0.24451154629239594,0.13078974334738727,0.4944810879016466,0.6725699571216387,LSTM,31.019046100002015,479,0.9,9050,12,6
0.2506398541907148,0.1369170451321006,0.5006394453004226,0.6574846181628042,LSTM,43.171261600000435,480,0.9,9050,12,12
0.24973313987222026,0.13441935653515072,0.49973306861985856,0.6647425099755141,LSTM,65.18779129999893,481,0.9,9050,12,24
0.24165301664270677,0.12018582316733349,0.4915821565544327,0.7022718376919822,LSTM,158.31403769999451,482,0.9,9050,12,48
0.24456917438508285,0.12969635500486615,0.4945393557494518,0.6862895403023117,LSTM,228.79767770000035,483,0.9,9050,12,96
0.4369323229238744,0.2468485087505173,0.6610085649398761,0.38247709663138996,Linear,46.219279999997525,484,0.9,9050,24,1
0.23520364061178706,0.12336688891363858,0.48497797951225274,0.6915865031428889,LSTM,29.67652759999328,485,0.9,9050,24,3
0.23474030506305915,0.11785453668407454,0.4845000568246191,0.7053672172550689,LSTM,34.30991550000181,486,0.9,9050,24,6
0.24942757177641842,0.12801061212238343,0.4994272437266698,0.6807266630128108,LSTM,48.09603760000027,487,0.9,9050,24,12
0.24977836552899885,0.13664796856431258,0.49977831638537384,0.6601981897595713,LSTM,66.79235189999599,488,0.9,9050,24,24
0.23596251532447612,0.11997070463157866,0.4857597300358235,0.7050806534896779,LSTM,211.34627769999497,489,0.9,9050,24,48
0.24392301584731152,0.1236412027538161,0.49388563033086064,0.7026389909999633,LSTM,178.7605459999977,490,0.9,9050,24,96
0.1541679226401387,0.04125252623971755,0.39264223236954365,0.9542371096956607,Linear,53.9443076000025,491,0.8,2138,1,1
0.16979228080758293,0.07420705203841428,0.4120585890472166,0.9177585829332786,LSTM,36.772749900002964,492,0.8,2138,1,3
0.13866758955817607,0.04514144316525802,0.3723809736790752,0.949971112551057,LSTM,42.57150840000395,493,0.8,2138,1,6
0.13994108147874362,0.04936669479432643,0.3740869972061895,0.9453328658806879,LSTM,57.08855809999659,494,0.8,2138,1,12
0.1393606879866886,0.046014478176662744,0.37331044451861856,0.949194660415173,LSTM,85.10177449999901,495,0.8,2138,1,24
0.1403767212050868,0.04419456957098957,0.3746688153624302,0.9514266382515961,LSTM,132.26130060000287,496,0.8,2138,1,48
0.14284542128700564,0.04976813809960344,0.3779489665113607,0.9456551858231201,LSTM,284.1719316000017,497,0.8,2138,1,96
0.18884042878422502,0.08808681310136968,0.4345577392985022,0.9023760662181012,Linear,55.54755660000228,498,0.8,2138,3,1
0.25009863615759187,0.1805101243436731,0.5000986264304191,0.7999461235405386,LSTM,41.1504574999999,499,0.8,2138,3,3
0.23960074560120873,0.16067299946838604,0.48949029163121177,0.8220757446313807,LSTM,41.0044104999979,500,0.8,2138,3,6
0.2372350890474088,0.15472721706834644,0.48706784850512236,0.8288173323608685,LSTM,61.1090719000058,501,0.8,2138,3,12
0.25881474498001084,0.16719929433565103,0.5087383855971661,0.8153925185361672,LSTM,96.74811279999994,502,0.8,2138,3,24
0.2635391861795974,0.2125316569219166,0.5133606784509283,0.7664107342854983,LSTM,129.13742810000258,503,0.8,2138,3,48
0.2520589337002283,0.1648933544220903,0.5020547118594031,0.8200567379579412,LSTM,284.1249760999999,504,0.8,2138,3,96
0.34923486681434024,0.18918882833817577,0.590960968943246,0.7903277800650287,Linear,60.68875200000184,505,0.8,2138,6,1
0.3333060053186107,0.39292324716421173,0.577326601949547,0.5648890827953459,LSTM,30.879129300003115,506,0.8,2138,6,3
0.30570581274976405,0.2384997582805033,0.5529066944338475,0.7358928255646106,LSTM,38.851464399995166,507,0.8,2138,6,6
0.31244834172157954,0.27107790207802,0.5589707878964513,0.7000925933073745,LSTM,67.67270420000568,508,0.8,2138,6,12
0.32912418858728276,0.2997958359963623,0.5736934622141713,0.669303512998892,LSTM,88.10505159999593,509,0.8,2138,6,24
0.3066474266343209,0.26458665121455416,0.5537575522142527,0.7094840460529528,LSTM,145.01128650000464,510,0.8,2138,6,48
0.298574224879358,0.23750035902350644,0.5464194587305232,0.7408228519055189,LSTM,441.10832429999573,511,0.8,2138,6,96
0.4100154346290929,0.2590770216156995,0.6403244760503013,0.7131062075979798,Linear,70.46733769999992,512,0.8,2138,12,1
0.34552468558633315,0.32165776198912466,0.5878134785681025,0.6441334963078347,LSTM,39.784834500002034,513,0.8,2138,12,3
0.3446370066815509,0.29834322823630594,0.5870579244687452,0.6699275625244276,LSTM,42.80449110000336,514,0.8,2138,12,6
0.35100999523726745,0.31119221764022126,0.5924609651591127,0.6564075717067381,LSTM,59.505075499997474,515,0.8,2138,12,12
0.3309892963592876,0.2880767819011594,0.5753166922307118,0.682488974640912,LSTM,93.17282869999326,516,0.8,2138,12,24
0.34859587332357395,0.3266750259661724,0.5904200820801864,0.6416754698321636,LSTM,144.52467530000285,517,0.8,2138,12,48
0.360430317148533,0.32307871210517536,0.6003584905275622,0.6476320936342481,LSTM,223.21490350000386,518,0.8,2138,12,96
0.6370906984127128,0.5214259613433261,0.798179615382849,0.4242850493124096,Linear,67.58418590000656,519,0.8,2138,24,1
0.34106655632598154,0.3214642336459597,0.5840090378803924,0.6450660704647009,LSTM,43.68479289999959,520,0.8,2138,24,3
0.3505508996059338,0.32367849758311956,0.5920733903883316,0.6429592101811812,LSTM,49.07241480000084,521,0.8,2138,24,6
0.3408872714104995,0.31422740650934533,0.5838555227198758,0.6536664101206843,LSTM,70.83051610000257,522,0.8,2138,24,12
0.36378535205382656,0.3535075268514888,0.6031462111742281,0.6110765420167464,LSTM,82.11202269999922,523,0.8,2138,24,24
0.37198223806012176,0.3645693182539975,0.6099034661814292,0.6007227346096697,LSTM,135.6747596999994,524,0.8,2138,24,48
0.38627252777556137,0.39640246006827684,0.6215082684691825,0.5687246682957736,LSTM,214.37492400000338,525,0.8,2138,24,96
0.21560148905701723,0.07176776620634824,0.46432907410264246,0.9203854718325954,Linear,59.05337739999959,526,0.8,4276,1,1
0.16406090688510444,0.06313694352915494,0.40504432706199506,0.9300272472431419,LSTM,33.57181519999722,527,0.8,4276,1,3
0.1571058888141204,0.0627237097575306,0.396365852230134,0.9304852216542615,LSTM,36.997616599997855,528,0.8,4276,1,6
0.14612466673326358,0.0591001690983802,0.38226256255780994,0.9345543208019977,LSTM,58.217507399996975,529,0.8,4276,1,12
0.1594001641835322,0.059034904847653925,0.3992495011687957,0.9348185939080329,LSTM,94.74420790000295,530,0.8,4276,1,24
0.1471213521137976,0.05354216247763887,0.38356401305883425,0.9411528870613699,LSTM,138.6775953999968,531,0.8,4276,1,48
0.1478200898688913,0.055594714022722126,0.3844737830709544,0.9392927982008296,LSTM,258.1238855000047,532,0.8,4276,1,96
0.21733302585521144,0.09244964298196799,0.4661899032102813,0.8975408746568504,Linear,51.33920819999912,533,0.8,4276,3,1
0.27869523994469547,0.2732550520924454,0.5279159402259942,0.6971597430781906,LSTM,29.922670399995695,534,0.8,4276,3,3
0.2396912663967787,0.1626420261523051,0.48958274724174944,0.8198953060530483,LSTM,35.5693661999976,535,0.8,4276,3,6
0.2303860530987437,0.13299241211404572,0.4799854717579936,0.8528636634665971,LSTM,50.63267310000083,536,0.8,4276,3,12
0.2370571067796206,0.16371847819082044,0.4868851063440128,0.8192357446962361,LSTM,79.69436730000598,537,0.8,4276,3,24
0.23767656705978982,0.15751381988052526,0.4875208375647033,0.8268797314308052,LSTM,187.87110660000326,538,0.8,4276,3,48
0.25896158395060026,0.1873523160800097,0.5088826819126391,0.7955479344529884,LSTM,415.5283769999951,539,0.8,4276,3,96
0.4025999583219081,0.23071297677268707,0.6345076503257531,0.7443078302632866,Linear,57.29366979999759,540,0.8,4276,6,1
0.30530130714286546,0.22794396909157147,0.5525407741903446,0.7475819764330386,LSTM,33.19594099999813,541,0.8,4276,6,3
0.3080181234886156,0.26470555321515166,0.554993804910123,0.7068733477088588,LSTM,41.23291319999407,542,0.8,4276,6,6
0.31639291141666753,0.26485849737508205,0.5624881433565223,0.7069734401832412,LSTM,57.32703010000114,543,0.8,4276,6,12
0.31255867895582085,0.27178053911264133,0.5590694759650368,0.700206411402898,LSTM,83.29143680000561,544,0.8,4276,6,24
0.3059793295391772,0.24583155980364196,0.5531539835698349,0.7300771230188308,LSTM,149.40099660000124,545,0.8,4276,6,48
0.31129612982337523,0.24674217605500226,0.5579391811150882,0.7307375291241878,LSTM,228.09779269999854,546,0.8,4276,6,96
0.5382634555717978,0.3862361914578209,0.7336644025518737,0.5722941191804553,Linear,55.37870519999706,547,0.8,4276,12,1
0.34255653483910214,0.30104513879921657,0.5852832945156577,0.6669383000879612,LSTM,32.75357329999679,548,0.8,4276,12,3
0.3328624248567299,0.26305401695377834,0.5769423063502362,0.7089698295585176,LSTM,39.4254660000006,549,0.8,4276,12,6
0.3345814755455461,0.2852002815397748,0.5784301820838416,0.6851056943928289,LSTM,56.324061899998924,550,0.8,4276,12,12
0.3486019080309678,0.329698354040717,0.5904251925781688,0.6366147186183546,LSTM,79.41023579999455,551,0.8,4276,12,24
0.3432474736031489,0.31511178547563884,0.585873257286206,0.6543590005175403,LSTM,143.25389670000004,552,0.8,4276,12,48
0.35857016539721714,0.33884403539544933,0.5988072856914962,0.6304375408741001,LSTM,238.4405775999985,553,0.8,4276,12,96
0.478158993900029,0.3261526424344876,0.6914904149010519,0.6398895214728999,Linear,53.699362499995914,554,0.8,4276,24,1
0.34427236905163217,0.3113752200954245,0.5867472786912882,0.6562055156963285,LSTM,32.67793709999387,555,0.8,4276,24,3
0.34656789548401096,0.32315522640626915,0.5887001745235099,0.6435364161298838,LSTM,39.38532069999928,556,0.8,4276,24,6
0.35766019063122884,0.3197541576193305,0.5980469802876934,0.6475749632492805,LSTM,55.12994449999678,557,0.8,4276,24,12
0.37422093959172376,0.3360432262770853,0.6117360048188465,0.63029049265353,LSTM,103.32660030000261,558,0.8,4276,24,24
0.3542858069463798,0.3334617572672677,0.5952191251517207,0.6347918162955042,LSTM,237.22568239999964,559,0.8,4276,24,48
0.37675059591321225,0.37282878463508634,0.6138001270065137,0.5943722000749303,LSTM,273.11950179999985,560,0.8,4276,24,96
0.11841538853734387,0.034340965030628,0.34411537096930717,0.9619043496509865,Linear,83.29411020000407,561,0.8,6414,1,1
0.17835323508284182,0.08633053341270472,0.42231887843529065,0.9043224975395683,LSTM,33.9385861999981,562,0.8,6414,1,3
0.13899613698188643,0.04822051177483747,0.3728218568993594,0.9465586745314685,LSTM,39.7437310000023,563,0.8,6414,1,6
0.13793639036410285,0.044586961208935884,0.3713978868600397,0.9506257933909403,LSTM,56.67298489999666,564,0.8,6414,1,12
0.14487297923288817,0.05206914287896659,0.3806218323124518,0.9425096058744735,LSTM,96.02666069999395,565,0.8,6414,1,24
0.14364269206063154,0.05587631620135011,0.3790022322633886,0.9385874656917582,LSTM,3248.9514509,566,0.8,6414,1,48
0.1462999521351434,0.04820737676840095,0.38249176740832397,0.9473594747066807,LSTM,295.3566877999983,567,0.8,6414,1,96
0.2274171658700417,0.09585771661164717,0.4768827590404603,0.8937638103877099,Linear,48.19952710000507,568,0.8,6414,3,1
0.24751334439715555,0.159536179530762,0.4975071299963002,0.8231909081736769,LSTM,32.47582229999534,569,0.8,6414,3,3
0.23982969216226385,0.15252279650508302,0.4897240980003576,0.8311010245361983,LSTM,36.1302743999986,570,0.8,6414,3,6
0.25649839660995233,0.18463445846338003,0.5064567075377246,0.7957294150523845,LSTM,49.28242479999608,571,0.8,6414,3,12
0.24765669965187728,0.1712979307623154,0.49765118270921177,0.810867146876144,LSTM,69.80624200000602,572,0.8,6414,3,24
0.2502852607316417,0.1699249559919178,0.500285179404349,0.8132389015754767,LSTM,124.89601739999489,573,0.8,6414,3,48
0.25239697280104445,0.17226801438242217,0.5023912547019946,0.8120089887059234,LSTM,285.38154529999883,574,0.8,6414,3,96
0.6642840230594671,0.55762698868632,0.8150362096615507,0.38199898143815936,Linear,48.9567834000045,575,0.8,6414,6,1
0.2937124171779177,0.22381392530691438,0.5419524122816668,0.7521554577737507,LSTM,30.144324199995026,576,0.8,6414,6,3
0.29913923752420224,0.2544554953815828,0.5469362280231601,0.7182239412345734,LSTM,35.7570313999895,577,0.8,6414,6,6
0.31234315166704163,0.27960304453766005,0.5588766873533388,0.6906607903195383,LSTM,52.01214659999823,578,0.8,6414,6,12
0.28536186465709606,0.21747582367901688,0.5341927223924864,0.7601084396008893,LSTM,75.88556569999491,579,0.8,6414,6,24
0.3166241024844614,0.2778688939592379,0.562693613331857,0.6949001530114289,LSTM,135.9044384000008,580,0.8,6414,6,48
0.31128322773148326,0.2528823117811423,0.5579276187208188,0.7240369798157276,LSTM,565.4726873999898,581,0.8,6414,6,96
0.45597730559330507,0.29729784583077346,0.6752609166783644,0.6707816620268992,Linear,103.29408360000525,582,0.8,6414,12,1
0.35074314052440114,0.32220330032764827,0.5922357136515841,0.6435299392229383,LSTM,54.85935040000186,583,0.8,6414,12,3
0.34082254770278925,0.3073381531223132,0.5838000922428749,0.6599760151084343,LSTM,52.58420369999658,584,0.8,6414,12,6
0.3445471101661006,0.31784098357303425,0.5869813541894671,0.6490665602594343,LSTM,63.335872700001346,585,0.8,6414,12,12
0.35484525426243374,0.3158376367920348,0.5956888904977444,0.6518916545685468,LSTM,77.92294079999556,586,0.8,6414,12,24
0.35189418916594156,0.3062617874719831,0.5932067002031767,0.6640664195872019,LSTM,155.66433629998937,587,0.8,6414,12,48
0.3497946851385913,0.31479572956732615,0.5914344301261056,0.6566659826091918,LSTM,282.2236869000044,588,0.8,6414,12,96
0.7550063674259949,0.7096881553391601,0.8689110238833404,0.216421675088731,Linear,53.5605355000007,589,0.8,6414,24,1
0.3496534395243258,0.3234843199645144,0.5913150087088318,0.6428356600488573,LSTM,32.09570330000133,590,0.8,6414,24,3
0.3524246270971082,0.34352372286455907,0.593653625523426,0.6210684915776138,LSTM,38.79620480000449,591,0.8,6414,24,6
0.3577984847049439,0.32837439528933243,0.5981625905261411,0.6380739528471981,LSTM,55.047791599994525,592,0.8,6414,24,12
0.3674099744945923,0.32942207848320654,0.6061435263158325,0.6375749760102177,LSTM,93.870639700006,593,0.8,6414,24,24
0.3530913251484345,0.33170165276947716,0.5942148812916372,0.6367194873185205,LSTM,151.7702694000036,594,0.8,6414,24,48
0.3638758947243317,0.3580590041852006,0.6032212651459924,0.6104413283079537,LSTM,373.26968379999744,595,0.8,6414,24,96
0.1785608048964319,0.055165007672113936,0.42256455707552176,0.9388035006615809,Linear,65.95634839999548,596,0.8,8552,1,1
0.16606800094804613,0.0790327186324714,0.40751441808609196,0.912410443530283,LSTM,45.281675099991844,597,0.8,8552,1,3
0.1500719226920689,0.06464579235415206,0.38739117528935646,0.9283550360166,LSTM,49.41194499999983,598,0.8,8552,1,6
0.1632718209691099,0.0747238954130806,0.40406907945190496,0.9172530948348238,LSTM,70.42431460000807,599,0.8,8552,1,12
0.17307807808055795,0.0819286062758536,0.4160265353082156,0.909541282907183,LSTM,106.38309470000968,600,0.8,8552,1,24
0.14335016812218992,0.0531570864564764,0.37861612237487974,0.9415761163643845,LSTM,185.59818950000044,601,0.8,8552,1,48
0.14943043377901416,0.056185719868136016,0.3865623284530118,0.9386474434804624,LSTM,361.4785297999915,602,0.8,8552,1,96
0.2204342462388239,0.10933460704825719,0.4695042558261042,0.8788277829251718,Linear,65.35571890001302,603,0.8,8552,3,1
0.27683354027912727,0.23368725112560423,0.5261497318056213,0.7410115325286388,LSTM,42.42677320000075,604,0.8,8552,3,3
0.24958054884906203,0.16560563851346044,0.4995803727620432,0.816613494396426,LSTM,50.53377670000191,605,0.8,8552,3,6
0.24496867465560226,0.15842633455557312,0.49494310244269724,0.8247248086835745,LSTM,71.03580650000367,606,0.8,8552,3,12
0.25295087817048867,0.16909396666280402,0.5029422215031153,0.8133005797639092,LSTM,105.62497289999737,607,0.8,8552,3,24
0.23616848297210993,0.15639620213652322,0.48597168947595076,0.8281080825948243,LSTM,247.63495639999746,608,0.8,8552,3,48
0.28287008290564003,0.24281310500806277,0.5318553214038946,0.735025208657782,LSTM,335.0792868999997,609,0.8,8552,3,96
0.5219350429268845,0.3565080003479599,0.7224507200680781,0.6048930345722177,Linear,68.12529789999826,610,0.8,8552,6,1
0.30273377452234224,0.2573384440445069,0.5502124812491463,0.7150314540350198,LSTM,42.75863919999392,611,0.8,8552,6,3
0.29747858999356613,0.26092667431458416,0.5454159788579411,0.7110579600378515,LSTM,49.28183540000464,612,0.8,8552,6,6
0.29969091866639225,0.253258330851352,0.5474403334304043,0.7198073002384706,LSTM,72.09537999999884,613,0.8,8552,6,12
0.3067302552272278,0.26077402868024097,0.5538323349419279,0.7123473883515572,LSTM,102.77528220000386,614,0.8,8552,6,24
0.32097023789445,0.2927091848001227,0.5665423531338588,0.6786055242737336,LSTM,173.0517658000026,615,0.8,8552,6,48
0.3258965073357066,0.2821247805075994,0.5708734600029209,0.692125534801806,LSTM,414.16603609999584,616,0.8,8552,6,96
0.4291961139448811,0.27399385437544094,0.6551306083101912,0.6965877734490148,Linear,60.336659100008546,617,0.8,8552,12,1
0.3386475768562249,0.3039874868789283,0.5819343406744655,0.6636830292768443,LSTM,37.47494899999583,618,0.8,8552,12,3
0.35046492482647174,0.3030495524813053,0.5920007811029236,0.6647207142769221,LSTM,44.38872699999774,619,0.8,8552,12,6
0.3389839354427146,0.30202468479189437,0.5822232694102105,0.666529594990934,LSTM,63.97836010000901,620,0.8,8552,12,12
0.34670969330971946,0.30708093638964573,0.5888205951813502,0.6615430707818771,LSTM,94.95109119999688,621,0.8,8552,12,24
0.35340675879460753,0.34112476900084593,0.5944802425603458,0.6258257813883292,LSTM,160.20797859999584,622,0.8,8552,12,48
0.38630667707791094,0.36615994888461356,0.621535740788823,0.6006452615130528,LSTM,426.60185599999386,623,0.8,8552,12,96
0.6527982812821412,0.5441436760989309,0.8079593314531006,0.3992020480813947,Linear,66.09772750000411,624,0.8,8552,24,1
0.3556020646499519,0.32300947202896574,0.5963237917859323,0.6433599474377978,LSTM,43.833769000004395,625,0.8,8552,24,3
0.3668387031387342,0.3575815705382651,0.6056721086022817,0.6055616689927006,LSTM,53.91934739999124,626,0.8,8552,24,6
0.37476722642120996,0.3463965915276776,0.6121823473616419,0.618210338816606,LSTM,79.00414410000667,627,0.8,8552,24,12
0.3590501380007921,0.3503011677866697,0.5992079255156695,0.6146041281650021,LSTM,113.96361839999736,628,0.8,8552,24,24
0.37151807438424933,0.3856362753689684,0.6095228251544395,0.5776501483941163,LSTM,246.53387759999896,629,0.8,8552,24,48
0.3615592363319277,0.3475049765701124,0.6012979596938008,0.6219238296015348,LSTM,353.3462741000112,630,0.8,8552,24,96
0.249180414368727,0.08906756868539303,0.49917974154479366,0.9011941874362224,Linear,68.91332500000135,631,0.8,10690,1,1
0.1484990729563432,0.05804055592965153,0.3853557745205633,0.9356754184962925,LSTM,45.06294949998846,632,0.8,10690,1,3
0.14208514889050333,0.05119859116452684,0.3769418375432785,0.9432581597903834,LSTM,53.03325199999381,633,0.8,10690,1,6
0.13281333678022197,0.04333325605506194,0.36443564147901614,0.9520141072749959,LSTM,78.95325000000594,634,0.8,10690,1,12
0.1544228132114673,0.06994279117470628,0.3929666820628274,0.9227750178215903,LSTM,119.88994079999975,635,0.8,10690,1,24
0.14131765985909628,0.05178840211843962,0.375922412020215,0.943080409767764,LSTM,186.20535930000187,636,0.8,10690,1,48
0.17265743559152016,0.08999913166720001,0.41552068010090687,0.9017245516248578,LSTM,399.51952910001273,637,0.8,10690,1,96
0.18757181908845685,0.09103133692162796,0.43309562349261493,0.8991127400932553,Linear,70.74915899999905,638,0.8,10690,3,1
0.2378081614509532,0.15979512038128862,0.48765578172616103,0.8229039319106561,LSTM,45.27817089999735,639,0.8,10690,3,3
0.2160043252835845,0.11549487346389373,0.4647626547858428,0.8721045886493238,LSTM,57.00923320000584,640,0.8,10690,3,6
0.22317780927578434,0.135771114354616,0.47241698665033666,0.8497894424528143,LSTM,83.28807179999421,641,0.8,10690,3,12
0.23829784820028077,0.14969548587958065,0.4881576059023159,0.8347187603599732,LSTM,121.23321550000401,642,0.8,10690,3,24
0.23807788769847998,0.15241197130522843,0.48793225728422585,0.8324870704961944,LSTM,193.3875160000025,643,0.8,10690,3,48
0.2552232007075114,0.1744466819037329,0.5051962002108799,0.8096314729954588,LSTM,361.76164789999893,644,0.8,10690,3,96
0.3005931686114703,0.16231149224503624,0.548263776490359,0.8201151135671609,Linear,70.55471870000474,645,0.8,10690,6,1
0.3392549929325459,0.3069431773752082,0.5824560008554688,0.6601007234839881,LSTM,47.39070869999705,646,0.8,10690,6,3
0.31329039760645405,0.28769217141664555,0.5597235010310484,0.6814186855037863,LSTM,56.99885319999885,647,0.8,10690,6,6
0.314203327554138,0.2844138517285384,0.5605384264741695,0.6853383472223533,LSTM,82.48817060000147,648,0.8,10690,6,12
0.31713334973609214,0.2799763005858295,0.5631459399978767,0.6911658938170724,LSTM,118.39857879999909,649,0.8,10690,6,24
0.3004079922091504,0.24325691272394387,0.5480948751896431,0.7329040836723709,LSTM,234.91206509999756,650,0.8,10690,6,48
0.317364905490119,0.25849780356857216,0.5633514937320385,0.7179089589883147,LSTM,320.2578906999988,651,0.8,10690,6,96
0.4327874132634999,0.27703848904489303,0.6578658018650155,0.6932162402217514,Linear,63.989509100007126,652,0.8,10690,12,1
0.3395351190449686,0.3351640030584104,0.5826964209989354,0.6291908480793963,LSTM,39.91669779999938,653,0.8,10690,12,3
0.3311343422815487,0.26605928062402084,0.5754427358839007,0.7056449519980053,LSTM,49.793235900011496,654,0.8,10690,12,6
0.3356827275543797,0.304220089536711,0.5793813317275417,0.6641056126269851,LSTM,75.6916438999906,655,0.8,10690,12,12
0.3424291918727804,0.30843732857467066,0.5851744969432455,0.6600480892335062,LSTM,107.2753909000021,656,0.8,10690,12,24
0.3595743458462184,0.3270038648310477,0.5996451832927688,0.6413147718222412,LSTM,207.80736589999287,657,0.8,10690,12,48
0.349082992942616,0.3184441396376261,0.5908324575906574,0.6526868203497584,LSTM,289.18427549999615,658,0.8,10690,12,96
0.7816372908677315,0.7568556787364024,0.8841025341371506,0.16434323937613093,Linear,64.0005713999999,659,0.8,10690,24,1
0.36520985675856005,0.3767144713664144,0.6043259524119083,0.5840633773829011,LSTM,40.15293369999563,660,0.8,10690,24,3
0.37313985601523214,0.3418927780806281,0.610851746347043,0.6228675416169389,LSTM,49.321316499990644,661,0.8,10690,24,6
0.36002491642700546,0.3396280859128031,0.600020763329908,0.6256704164519669,LSTM,72.30394359999627,662,0.8,10690,24,12
0.35638029061591264,0.35172173491181347,0.5969759548054785,0.6130412424082856,LSTM,104.4984928000049,663,0.8,10690,24,24
0.35638272596431586,0.3462607799398093,0.5969779945394268,0.6207742933815195,LSTM,195.72429369999736,664,0.8,10690,24,48
0.37973929274612583,0.3587272117666322,0.6162299025088979,0.6097143362345958,LSTM,303.45465699999477,665,0.8,10690,24,96
