0.05453464627349297,0.004914375303505011,0.2335265429742259,-0.006410008770921349,Linear,5.642583000008017,1,1.0,216,1,1
0.04918092166041148,0.004410375758799289,0.22176772005955123,0.09680355447608213,LSTM,3.7687627999985125,2,1.0,216,1,3
0.04770648418789197,0.004407314386309817,0.21841814070239673,-0.4716448072189221,LSTM,4.13882829999784,3,1.0,216,1,6
0.0557377482623769,0.004714045919178192,0.23608843313973876,-0.8051204784273287,LSTM,4.534668700012844,4,1.0,216,1,12
0.048644434846145494,0.0031838132306876363,0.22055483410287224,-0.20375422981619318,LSTM,6.7199041999992914,5,1.0,216,1,24
0.06750094630986953,0.0054152350510614285,0.25980944230314174,-1.6885425644429395,LSTM,10.819070300000021,6,1.0,216,1,48
0.03603549800711916,0.002343884285535447,0.18983018202361593,-0.11587347536617054,LSTM,11.483881599997403,7,1.0,216,1,96
0.10631299915852135,0.016078700130801687,0.32605674223748443,-2.292740936599621,Linear,5.486848300002748,8,1.0,216,3,1
0.08416452193754521,0.012883625622916806,0.29011122339121115,-1.638424820121748,LSTM,3.9656484999868553,9,1.0,216,3,3
0.0791636116824996,0.011851477325008497,0.2813602880338652,-2.9573226537680237,LSTM,4.393170299998019,10,1.0,216,3,6
0.0675424977991321,0.005746981400370031,0.2598893953187242,-1.2006560803203685,LSTM,5.664669499994488,11,1.0,216,3,12
0.08214207441720914,0.008248492269217396,0.2866043865979883,-2.0511974251852103,LSTM,7.392462099989643,12,1.0,216,3,24
0.07505031284011962,0.00683097868291371,0.27395312161046753,-2.391427476858299,LSTM,10.61394010001095,13,1.0,216,3,48
0.25025348568099964,0.0647398089135001,0.500253421458564,-29.82124660021175,LSTM,14.126790499984054,14,1.0,216,3,96
0.20758254331612128,0.05041948921878703,0.4556122730086639,-15.835554033072878,Linear,5.893161799991503,15,1.0,216,6,1
0.16840044102113236,0.06814760416109476,0.41036622792468236,-21.755142700871936,LSTM,3.141056699998444,16,1.0,216,6,3
0.1447387749288265,0.04368900552581623,0.3804454953456888,-15.729560956530538,LSTM,3.8171363000001293,17,1.0,216,6,6
0.16093647189797236,0.053218015939577624,0.40116888201600626,-18.98906489715193,LSTM,5.231865099980496,18,1.0,216,6,12
0.280513828966872,0.0807685637014481,0.5296355624076541,-28.877076386609495,LSTM,7.797962000011466,19,1.0,216,6,24
0.08647873948958734,0.009979350578971561,0.29407267722382396,-3.9000944013226873,LSTM,8.993813100008992,20,1.0,216,6,48
0.2433008108442532,0.06168852529836381,0.49325532013780976,-27.334580119414543,LSTM,11.530646700004581,21,1.0,216,6,96
0.36744369643252484,0.14451755649236744,0.6061713424705302,-54.33921501598971,Linear,5.464058799989289,22,1.0,216,12,1
0.2966724396899956,0.1688037596305523,0.5446764541358435,-63.63898073308441,LSTM,2.636942999990424,23,1.0,216,12,3
0.3078961960794365,0.13476984849271348,0.5548839482985938,-49.62051262412328,LSTM,3.7158858999900986,24,1.0,216,12,6
0.40544521124522315,0.16647511877857157,0.6367457979800284,-61.94186055178168,LSTM,4.214334800024517,25,1.0,216,12,12
0.3345622283731357,0.12669009397204692,0.578413544424001,-57.0970955776596,LSTM,5.964793899998767,26,1.0,216,12,24
0.31003402806163466,0.10017110185073208,0.5568069935459097,-46.7365119349881,LSTM,8.655600199999753,27,1.0,216,12,48
0.22280650547599243,0.05279203622545636,0.47202383994454394,-22.22946424459146,LSTM,10.464248300006147,28,1.0,216,12,96
0.49865795943040525,0.25123120159477214,0.7061571775677178,-93.98692280897247,Linear,5.055793200008338,29,1.0,216,24,1
0.4805334399145562,0.23532201733883487,0.6932051932253221,-86.04790038698386,LSTM,2.76611560001038,30,1.0,216,24,3
0.49785705112068623,0.2513370650937429,0.7055898604151609,-91.97202213907102,LSTM,3.001191400020616,31,1.0,216,24,6
0.5283594502335057,0.2814265176205813,0.7268833814536592,-128.0555779041281,LSTM,3.831774599995697,32,1.0,216,24,12
0.5274807071479723,0.2802502009418712,0.7262786704481774,-138.13792971520647,LSTM,12.180621500010602,33,1.0,216,24,24
0.4977722796399057,0.25026250989348753,0.7055297865008293,-127.29210813802646,LSTM,10.538725499995053,34,1.0,216,24,48
0.5953815926634878,0.35687595559588375,0.7716097411667946,-147.25619859963797,LSTM,14.948744799999986,35,1.0,216,24,96
0.05453464627349297,0.004914375303505011,0.2335265429742259,-0.006410008770921349,Linear,6.587939900025958,36,1.0,432,1,1
0.04966765173849967,0.004531751674375034,0.22286240539512192,0.07194710198413634,LSTM,3.409794300008798,37,1.0,432,1,3
0.051127789089811075,0.00422964674448006,0.22611454860271835,-0.4123198669964221,LSTM,3.825747800001409,38,1.0,432,1,6
0.0451645079194243,0.0033662671895544312,0.2125194295103963,-0.28902389664928085,LSTM,4.703142599988496,39,1.0,432,1,12
0.04634024579111679,0.0030329726455942513,0.21526784662628276,-0.14672356275822152,LSTM,6.77817320000031,40,1.0,432,1,24
0.050967697898376824,0.003687472300338345,0.22576026642962846,-0.8307471681623042,LSTM,9.893079999979818,41,1.0,432,1,48
0.0448209182798824,0.003045685910873525,0.21170951390970225,-0.4499863082890332,LSTM,12.318494899984216,42,1.0,432,1,96
0.10631298321774427,0.01607869668638222,0.32605671779269363,-2.2927402312203995,Linear,6.286473899992416,43,1.0,432,3,1
0.08836127540905049,0.015064158100075808,0.29725624536593087,-2.0849738876904604,LSTM,3.458615400013514,44,1.0,432,3,3
0.07590775195554836,0.011124050126680936,0.27551361482792164,-2.7144276920712045,LSTM,3.719691899983445,45,1.0,432,3,6
0.06713890861188068,0.006099471740487972,0.2591117685707862,-1.3356330284247764,LSTM,4.881359199993312,46,1.0,432,3,12
0.05822280045135466,0.004377980017801717,0.2412940124647826,-0.6194573410318893,LSTM,7.404125800007023,47,1.0,432,3,24
0.09839996319281656,0.010934345737718879,0.3136876841586494,-4.428657048677935,LSTM,10.069244600017555,48,1.0,432,3,48
0.039579181107843205,0.002943656663656839,0.19894517110963816,-0.40141235291790944,LSTM,12.773844200011808,49,1.0,432,3,96
0.20758254118738395,0.05041948910642604,0.45561227067253574,-15.83555399555446,Linear,6.138726800010772,50,1.0,432,6,1
0.15014889306761633,0.05204436251373055,0.3874905070677427,-16.378114907404893,LSTM,2.797349900007248,51,1.0,432,6,3
0.14473266508929408,0.045176746946423804,0.38043746541224627,-16.299252586817303,LSTM,3.2769431000051554,52,1.0,432,6,6
0.13659046840281558,0.03600396651019584,0.369581477353527,-12.523345626870082,LSTM,5.0986681999929715,53,1.0,432,6,12
0.33852998015667607,0.1166182688364995,0.5818332924100134,-42.13823059898971,LSTM,7.3102686000056565,54,1.0,432,6,24
0.088462349325041,0.010028954426198727,0.2974262082013638,-3.924451049799802,LSTM,9.509494499972789,55,1.0,432,6,48
0.4793870744490392,0.232039696735251,0.6923778408131208,-105.57974633418587,LSTM,13.788558300002478,56,1.0,432,6,96
0.36744371605844445,0.144517576986237,0.6061713586589558,-54.33922286358056,Linear,5.808235100004822,57,1.0,432,12,1
0.3102926409156834,0.14431390732892804,0.5570391735916636,-54.261232900066005,LSTM,3.463896500004921,58,1.0,432,12,3
0.33538580445755534,0.18152107850269478,0.5791250335269192,-67.1806067800613,LSTM,4.36599859999842,59,1.0,432,12,6
0.16236559397197375,0.038424398446392505,0.4029461427684521,-13.527715291891653,LSTM,4.878771700023208,60,1.0,432,12,12
0.3902515870038316,0.16048474445282815,0.6247011981770417,-72.59452696664214,LSTM,6.71573370002443,61,1.0,432,12,24
0.32553454376102126,0.10935558487847291,0.5705563458248635,-51.11337487819273,LSTM,10.860806799988495,62,1.0,432,12,48
0.373694448602931,0.14238133864073055,0.6113055280323669,-61.65040054388103,LSTM,11.876570599997649,63,1.0,432,12,96
0.4986579483500546,0.2512311900913082,0.7061571697221906,-93.98691845967731,Linear,5.864108499983558,64,1.0,432,24,1
0.496824340653172,0.24946756787017732,0.704857674040066,-91.2804769537501,LSTM,2.8370145999942906,65,1.0,432,24,3
0.43965860696755293,0.21116017147620708,0.6630675734550385,-77.11019886801687,LSTM,4.614237300003879,66,1.0,432,24,6
0.5101390823669123,0.2642905464204867,0.7142402133504612,-120.19742478879792,LSTM,5.157600899983663,67,1.0,432,24,12
0.5329479905230954,0.28714630784649475,0.7300328694812963,-141.56169189121675,LSTM,7.341239300003508,68,1.0,432,24,24
0.38639383854430387,0.21144417597004664,0.6216058546573575,-107.3926597725336,LSTM,8.74902089999523,69,1.0,432,24,48
0.6798432455235333,0.542004380630573,0.8245260732830304,-224.16369577902384,LSTM,11.7089510000078,70,1.0,432,24,96
0.05453464627349297,0.004914375303505011,0.2335265429742259,-0.006410008770921349,Linear,6.818075599992881,71,1.0,648,1,1
0.04822163002817191,0.0042260573341450286,0.21959423951500165,0.13454994052043556,LSTM,3.5421112999902107,72,1.0,648,1,3
0.048016881778365196,0.004167129300382733,0.21912754682687705,-0.39144468907577834,LSTM,3.8008018999826163,73,1.0,648,1,6
0.05716355194640699,0.004410048726033106,0.23908900423567578,-0.6887127114817135,LSTM,5.197832100006053,74,1.0,648,1,12
0.05427527006151735,0.003866941953185271,0.23297053474960594,-0.46203542586419655,LSTM,7.7358924000000115,75,1.0,648,1,24
0.05108909756703894,0.003943969430841698,0.22602897506080705,-0.9580922319523923,LSTM,9.415556599997217,76,1.0,648,1,48
0.28826381096381176,0.08562989870344857,0.5369020496923175,-39.76657420809576,LSTM,11.781730000016978,77,1.0,648,1,96
0.10631299915852135,0.016078700130801687,0.32605674223748443,-2.292740936599621,Linear,5.395918599999277,78,1.0,648,3,1
0.08323476190562329,0.013126182071659779,0.28850435335644986,-1.6880977129373935,LSTM,3.092397600004915,79,1.0,648,3,3
0.0815037845964844,0.012349069104078255,0.2854886768270931,-3.1234733509040096,LSTM,3.251636500004679,80,1.0,648,3,6
0.07369764377549726,0.008488508738589058,0.2714730995430252,-2.2504522056093355,LSTM,4.6776023999846075,81,1.0,648,3,12
0.06876209762675958,0.00587130090038906,0.2622252802968463,-1.171851243239924,LSTM,6.518723899993347,82,1.0,648,3,24
0.0882219150633192,0.008907731672666976,0.29702174173504403,-3.422488687708489,LSTM,9.749687700008508,83,1.0,648,3,48
0.05557864950199485,0.0037801789993201357,0.23575124496382802,-0.7996628517495048,LSTM,13.31216579998727,84,1.0,648,3,96
0.20758254579964813,0.05041949184059723,0.4556122757341467,-15.835554908520603,Linear,6.654687100002775,85,1.0,648,6,1
0.15511639047192127,0.05573041722718691,0.39384818200916105,-17.608924149203684,LSTM,2.8271249000099488,86,1.0,648,6,3
0.1594232399061667,0.0571506421720204,0.39927839899770023,-20.884342305679375,LSTM,3.417783299984876,87,1.0,648,6,6
0.13316162837321685,0.0325625022467507,0.36491317922653443,-11.23070719815943,LSTM,4.514436299999943,88,1.0,648,6,12
0.07481016304606236,0.007599806588655237,0.2735144658808056,-1.8112422899088858,LSTM,6.757190000003902,89,1.0,648,6,24
0.06032868805965995,0.004762396750210815,0.24561898961533887,-1.338448125247678,LSTM,12.184662599989679,90,1.0,648,6,48
0.06017190652835731,0.0051072681075463745,0.24529962602571842,-1.3458543819079059,LSTM,12.913021499989554,91,1.0,648,6,96
0.3674437026110551,0.14451755893053278,0.6061713475668865,-54.33921594962129,Linear,5.761271700001089,92,1.0,648,12,1
0.3108319947274836,0.16686868918086312,0.5575230889635725,-62.8979961614826,LSTM,2.918216999998549,93,1.0,648,12,3
0.3040126714678443,0.1208808018060373,0.5513734410250862,-44.403688007911434,LSTM,3.13923440000508,94,1.0,648,12,6
0.347147310045809,0.12829922384283313,0.589192082470402,-47.508100881781004,LSTM,4.848338900017552,95,1.0,648,12,12
0.5117652928051509,0.26388683182494915,0.7153777273616722,-120.01229077628219,LSTM,7.171087900002021,96,1.0,648,12,24
0.49898761212170756,0.25108697058775686,0.7063905521180953,-118.65542902825587,LSTM,9.91808870001114,97,1.0,648,12,48
0.529443960592611,0.2826301172555202,0.7276289992795855,-123.36243556118,LSTM,11.023345800000243,98,1.0,648,12,96
0.4986579728032422,0.2512312145950523,0.7061571870364574,-93.9869277241924,Linear,5.204062500008149,99,1.0,648,24,1
0.4940821270149667,0.24683867597737466,0.7029097573764123,-90.30802430269478,LSTM,2.9662548000051174,100,1.0,648,24,3
0.4103284976724609,0.2053060009111749,0.6405688859696987,-74.9446843022481,LSTM,3.9289542000042275,101,1.0,648,24,6
0.46898632117497724,0.2531035015091469,0.6848257597191983,-115.06730926777635,LSTM,3.8343129999993835,102,1.0,648,24,12
0.5150587823079709,0.27020716564548125,0.7176759591263809,-133.1517882798029,LSTM,8.216113100002985,103,1.0,648,24,24
0.4707494266600484,0.28715606541333744,0.6861118178985466,-146.20485706060103,LSTM,9.16030800002045,104,1.0,648,24,48
0.07579397638270127,0.007099723238406347,0.2753070583597545,-1.9494225148290623,LSTM,10.70169249997707,105,1.0,648,24,96
0.05453464627349297,0.004914375303505011,0.2335265429742259,-0.006410008770921349,Linear,6.336113500001375,106,1.0,864,1,1
0.047670395976158055,0.004015581161641587,0.21833551240271945,0.1776531456143121,LSTM,3.112178999988828,107,1.0,864,1,3
0.050060193689451825,0.004314630888996783,0.22374135444627088,-0.4406968930062898,LSTM,3.9350841999985278,108,1.0,864,1,6
0.043797842944673954,0.003539668355542496,0.20927934189659989,-0.3554233337940935,LSTM,5.503641500021331,109,1.0,864,1,12
0.04880942362469027,0.0038972780421961425,0.22092854868642547,-0.4735050670827645,LSTM,6.926144500001101,110,1.0,864,1,24
0.22518685866764956,0.11503390427113386,0.4745385744780392,-56.11174954933449,LSTM,9.344348200014792,111,1.0,864,1,48
0.05219792190988474,0.0036209797331807464,0.22846864535398448,-0.7238714658526015,LSTM,11.937632000015583,112,1.0,864,1,96
0.10631301717853024,0.016078703861006603,0.32605676987072396,-2.292741700504559,Linear,5.910119300009683,113,1.0,864,3,1
0.08454309356152483,0.013692622622079651,0.29076295080619335,-1.8040985073638356,LSTM,3.1862221999908797,114,1.0,864,3,3
0.08221491980792943,0.013633796928051707,0.2867314419590733,-3.5524563698402245,LSTM,3.7478792000038084,115,1.0,864,3,6
0.07251238228555872,0.009008092970377309,0.2692812327020929,-2.4494133852731115,LSTM,4.47806120000314,116,1.0,864,3,12
0.09628483623116668,0.010803015606458745,0.310297979740711,-2.9961404250415766,LSTM,6.689991699997336,117,1.0,864,3,24
0.06683482057755985,0.005325036972489504,0.2585243133199658,-1.6437612444845282,LSTM,9.900232000014512,118,1.0,864,3,48
0.49791886487740494,0.25001065693826324,0.7056336619503104,-118.02475832869358,LSTM,12.122393400000874,119,1.0,864,3,96
0.20758254118738395,0.05041948910642604,0.45561227067253574,-15.83555399555446,Linear,6.596029299980728,120,1.0,864,6,1
0.15241923062529752,0.05305157407726193,0.3904090555113925,-16.714432568755775,LSTM,4.339063799998257,121,1.0,864,6,3
0.14094885197739618,0.03837833568345125,0.37543155431768943,-13.695978965396549,LSTM,3.5351995000091847,122,1.0,864,6,6
0.13310375788207013,0.03291255660017351,0.3648338771030866,-11.362190100416507,LSTM,4.707047799980501,123,1.0,864,6,12
0.12713785540175532,0.024057353047201482,0.35656395695829285,-7.899048611384243,LSTM,6.6352184000134,124,1.0,864,6,24
0.08500344975697419,0.009139452879676841,0.2915535109666392,-3.4876849983831626,LSTM,9.573255600000266,125,1.0,864,6,48
0.23422907202065277,0.0578744298430607,0.4839721810400395,-25.582701747566883,LSTM,12.387007799989078,126,1.0,864,6,96
0.3674436967959678,0.14451756308097263,0.6061713427703159,-54.339217538923585,Linear,5.263199099979829,127,1.0,864,12,1
0.32876817565407507,0.17852075771641246,0.5733830967634772,-67.35985077430861,LSTM,2.8276653999928385,128,1.0,864,12,3
0.3223697424605142,0.15186817543510772,0.5677761376286558,-56.04276570609251,LSTM,3.109988800017163,129,1.0,864,12,6
0.3576220501674181,0.13977628798167174,0.5980150919227859,-51.847414623502864,LSTM,4.808752600016305,130,1.0,864,12,12
0.1917292380906715,0.07006443513143318,0.43786897365612865,-31.12990105859211,LSTM,6.268581300013466,131,1.0,864,12,24
0.4982924636387888,0.2503921000895917,0.7058983380337347,-118.32428867723564,LSTM,9.91687849999289,132,1.0,864,12,48
0.4533205211397462,0.2078613233952245,0.6732908146854123,-90.4627948621258,LSTM,12.180967699998291,133,1.0,864,12,96
0.49865793956219034,0.25123118127695565,0.7061571634998758,-93.98691512709674,Linear,5.3526969000231475,134,1.0,864,24,1
0.4939779953477292,0.2466287163223609,0.7028356816125154,-90.23035818652934,LSTM,2.7791136000014376,135,1.0,864,24,3
0.5020859002807301,0.25476215621169684,0.7085802003166121,-93.23899661865278,LSTM,3.775057699996978,136,1.0,864,24,6
0.4978854157179187,0.2802942230327575,0.7056099600472762,-127.53633425351262,LSTM,4.105738899990683,137,1.0,864,24,12
0.07118488425818192,0.006341713255813113,0.26680495546031735,-2.148518182309306,LSTM,6.681000700016739,138,1.0,864,24,24
0.509108304138015,0.298610051361199,0.7135182577467902,-152.0765156021057,LSTM,9.905371500004549,139,1.0,864,24,48
0.5952946406626314,0.3567827237145801,0.7715533945636112,-147.21746748286296,LSTM,14.046010300022317,140,1.0,864,24,96
0.10771419485209108,0.02584444392939295,0.3281984077537414,0.9654190564910639,Linear,18.9630085999961,141,0.98,694,1,1
0.09966334170736632,0.022086987434249937,0.31569501375119363,0.9704466899410545,LSTM,10.032359300006647,142,0.98,694,1,3
0.10152912200414253,0.02302959721196785,0.31863634758787723,0.9693817020348521,LSTM,12.36824430001434,143,0.98,694,1,6
0.1177287900512972,0.03351788336874556,0.34311629231398677,0.9556640392331287,LSTM,16.083337599993683,144,0.98,694,1,12
0.10501761096550573,0.02441291799064552,0.3240642080907821,0.9682374771272069,LSTM,24.288170499989064,145,0.98,694,1,24
0.10377780168299404,0.023869814001664835,0.3221456218591121,0.9695107913354705,LSTM,39.09481270000106,146,0.98,694,1,48
0.11183969003287991,0.026935373775418665,0.3344244160238303,0.9671368837521883,LSTM,64.27094139999826,147,0.98,694,1,96
0.18531571727268314,0.07355954902919365,0.43048312077558065,0.9015742564834857,Linear,18.113157299987506,148,0.98,694,3,1
0.16014027538578035,0.06580954855944735,0.40017530581706356,0.9125049236337534,LSTM,10.149653300002683,149,0.98,694,3,3
0.14404037121935995,0.04539492316656035,0.3795265092445585,0.9396465656422146,LSTM,11.829798999999184,150,0.98,694,3,6
0.1503215294388172,0.050315269695705184,0.38771320513856267,0.9338460521500476,LSTM,17.768797600001562,151,0.98,694,3,12
0.1381727500483511,0.041800501036722525,0.3717159534488009,0.9456152938873652,LSTM,22.859816599986516,152,0.98,694,3,24
0.17535882324570745,0.057807109442762836,0.4187586694573707,0.926509836047472,LSTM,36.0676188999787,153,0.98,694,3,48
0.154397557711614,0.05299611902692946,0.39293454634533476,0.9353408779552835,LSTM,58.91624520000187,154,0.98,694,3,96
0.3056480726940156,0.1655086475828419,0.5528544769593673,0.7799530299702064,Linear,17.071984700014582,155,0.98,694,6,1
0.24874763675431574,0.1264902329391441,0.4987460643998264,0.8318287720725298,LSTM,8.842881199991098,156,0.98,694,6,3
0.20708876713843144,0.08041048122818108,0.45507006838335506,0.8936366028320808,LSTM,10.777466400002595,157,0.98,694,6,6
0.1888667219558218,0.06768488489339866,0.4345879910395843,0.9110086784280891,LSTM,15.161064699990675,158,0.98,694,6,12
0.23926073968073977,0.09308657280106372,0.48914286224040904,0.8795148559914429,LSTM,23.64735469999141,159,0.98,694,6,24
0.16493035462884958,0.06270430811529971,0.40611618365789065,0.9202840285849974,LSTM,34.69881530001294,160,0.98,694,6,48
0.32506272239999184,0.19557751098547158,0.5701427210795486,0.7623150226969464,LSTM,58.755180000007385,161,0.98,694,6,96
0.6075203099428523,0.47480006625252225,0.7794358921315161,0.371955654899471,Linear,18.241760700009763,162,0.98,694,12,1
0.42558345787679663,0.2707363064436973,0.6523675788056889,0.6440389645949992,LSTM,10.462866499990923,163,0.98,694,12,3
0.3020370478134326,0.1582460859661519,0.549578973227172,0.7919398349293262,LSTM,12.016127399983816,164,0.98,694,12,6
0.3078601038316338,0.16932846959328954,0.554851425006401,0.7784363606113397,LSTM,15.869934900023509,165,0.98,694,12,12
0.29827393039932243,0.1316941079322416,0.5461446057586968,0.8303053277829038,LSTM,21.96211459999904,166,0.98,694,12,24
0.16695719008496204,0.051074763607273754,0.4086039526056522,0.9357448779569287,LSTM,34.687290899979416,167,0.98,694,12,48
0.2302269409631126,0.10519138318849029,0.47981969630592763,0.8726429146475712,LSTM,56.8346906999941,168,0.98,694,12,96
0.8859967190219692,0.9094864312298708,0.9412739872226201,-0.1832908948247327,Linear,16.49841029997333,169,0.98,694,24,1
0.8413138792555402,0.8853145591560101,0.9172316388216993,-0.1518419856890687,LSTM,8.599477399984607,170,0.98,694,24,3
0.530279742092151,0.5309065990946397,0.7282030912404527,0.3128293789082327,LSTM,10.501304299978074,171,0.98,694,24,6
0.5297908413962031,0.4858895355280534,0.7278673240338538,0.37390619246554824,LSTM,14.141913799976464,172,0.98,694,24,12
0.3396058521593145,0.3476079179144069,0.5827571124914003,0.5559961069660704,LSTM,21.025114099989878,173,0.98,694,24,24
0.24748171246523085,0.13647047223389686,0.4974753385497927,0.829837474573275,LSTM,33.82235970001784,174,0.98,694,24,48
0.8769843105369991,0.9124299061277537,0.9364744046352784,-0.09226391468337347,LSTM,55.54574380000122,175,0.98,694,24,96
0.10771419485209108,0.02584444392939295,0.3281984077537414,0.9654190564910639,Linear,16.80568989997846,176,0.98,1388,1,1
0.10615179946264185,0.024210734774459463,0.3258094526907435,0.9676050274545379,LSTM,9.623553600016749,177,0.98,1388,1,3
0.09690349168771618,0.021866924128450555,0.3112932567334477,0.9709274985409538,LSTM,11.822778100002324,178,0.98,1388,1,6
0.09712098545937348,0.022873603193541328,0.3116423999705006,0.969743818169274,LSTM,15.698043600015808,179,0.98,1388,1,12
0.13515888810143317,0.03601107904242957,0.36763961715439913,0.9531476441203215,LSTM,24.292967599991243,180,0.98,1388,1,24
0.11325851162852336,0.026204587869029166,0.336539019474003,0.9665285557964086,LSTM,38.96859420000692,181,0.98,1388,1,48
0.10523659153516211,0.025223936561925994,0.32440189816824766,0.9692249617037617,LSTM,61.56297299999278,182,0.98,1388,1,96
0.18531571727268314,0.07355954902919365,0.43048312077558065,0.9015742564834857,Linear,17.407308199995896,183,0.98,1388,3,1
0.15181985796849484,0.06150880037588876,0.38964067802078217,0.9182228520953434,LSTM,9.759348300023703,184,0.98,1388,3,3
0.14318649943715248,0.05086375799341787,0.3783999199750873,0.932375643241371,LSTM,11.637577400018927,185,0.98,1388,3,6
0.13858828398020448,0.043042138474180945,0.37227447398418884,0.9434086828672122,LSTM,15.805702500016196,186,0.98,1388,3,12
0.12979451566355413,0.036124573845668424,0.3602700593493083,0.9529999812606339,LSTM,23.280686900019646,187,0.98,1388,3,24
0.17015562983769242,0.05550258514428222,0.41249924828742707,0.9294395772187654,LSTM,37.185516099998495,188,0.98,1388,3,48
0.1588136719652864,0.05041010871885412,0.3985143309409166,0.9384959987299534,LSTM,61.38262809999287,189,0.98,1388,3,96
0.3056480726940156,0.1655086475828419,0.5528544769593673,0.7799530299702064,Linear,17.458271899988176,190,0.98,1388,6,1
0.23867732593969873,0.11343056261391325,0.48854613491429727,0.8491918580902357,LSTM,9.810292300011497,191,0.98,1388,6,3
0.20361136632329918,0.08833486301156122,0.45123316181692497,0.8831545841441926,LSTM,12.010798600007547,192,0.98,1388,6,6
0.20674559242490886,0.07468363272166637,0.4546928550405305,0.9018068038948456,LSTM,18.140837000013562,193,0.98,1388,6,12
0.25630711884597196,0.09251886492856626,0.5062678331140267,0.8802496597629689,LSTM,33.471104399999604,194,0.98,1388,6,24
0.47773015794645857,0.2937012128077705,0.6911802644364627,0.626617720720481,LSTM,61.38077610000619,195,0.98,1388,6,48
0.2559258901290407,0.12182889075456842,0.5058911840791859,0.851941580665648,LSTM,75.84137820001342,196,0.98,1388,6,96
0.6075203099428523,0.47480006625252225,0.7794358921315161,0.371955654899471,Linear,24.759365199977765,197,0.98,1388,12,1
0.43996291142311034,0.2954573264452801,0.6632970009152087,0.6115360469345591,LSTM,10.661415100010345,198,0.98,1388,12,3
0.3010181211462844,0.1636430920574668,0.5486511834911909,0.7848439123263078,LSTM,13.874421499989694,199,0.98,1388,12,6
0.24099005733071766,0.1080388594949101,0.4909073816217451,0.8586328515069681,LSTM,17.28493470000103,200,0.98,1388,12,12
0.351109741824112,0.20760916981133964,0.5925451390604027,0.7324848425373354,LSTM,28.90681400001631,201,0.98,1388,12,24
0.2138563857371363,0.08532337383954651,0.4624460895468101,0.8926580680560238,LSTM,43.9596687000012,202,0.98,1388,12,48
0.45577935020362503,0.2726889448580267,0.6751143238027357,0.6698506268073543,LSTM,65.50852200001827,203,0.98,1388,12,96
0.8859967190219692,0.9094864312298708,0.9412739872226201,-0.1832908948247327,Linear,18.4430933999829,204,0.98,1388,24,1
0.6887846694142621,0.7356108375669005,0.8299305208354866,0.04293062948697646,LSTM,10.82571609999286,205,0.98,1388,24,3
0.5287509105969708,0.5842864217513282,0.7271526047515547,0.2437380435371569,LSTM,13.778911100002006,206,0.98,1388,24,6
0.4247157981359885,0.45097441042123293,0.6517022311884382,0.41889613775200896,LSTM,18.47344690002501,207,0.98,1388,24,12
0.4975411904709831,0.4209829701824079,0.7053659975296392,0.46227324514511925,LSTM,26.51811710000038,208,0.98,1388,24,24
0.2893672875884216,0.18342938305739984,0.5379287012127366,0.7712852711096534,LSTM,41.96239709999645,209,0.98,1388,24,48
0.8763116825919903,0.905795874836041,0.9361152079696122,-0.0843223589099884,LSTM,72.22680470001069,210,0.98,1388,24,96
0.10771419485209108,0.02584444392939295,0.3281984077537414,0.9654190564910639,Linear,20.494137599976966,211,0.98,2082,1,1
0.10410646669359092,0.023959610927050415,0.32265533730838997,0.9679410416324681,LSTM,10.64949300000444,212,0.98,2082,1,3
0.11647564128782342,0.027413384265127887,0.34128527845165463,0.9635533717790515,LSTM,12.868636000028346,213,0.98,2082,1,6
0.09581289211795027,0.021687495442197505,0.30953657638145166,0.9713127485862197,LSTM,16.27689089998603,214,0.98,2082,1,12
0.10135201248901402,0.024032942918028193,0.31835830833985473,0.9687318451883998,LSTM,26.453940199979115,215,0.98,2082,1,24
0.1348301729786328,0.0353946503309089,0.36719228338655596,0.9547899753440948,LSTM,42.3180915999983,216,0.98,2082,1,48
0.10607849582420006,0.024896782365060984,0.32569693861656124,0.9696241136328263,LSTM,64.51583099999698,217,0.98,2082,1,96
0.18531571727268314,0.07355954902919365,0.43048312077558065,0.9015742564834857,Linear,18.105790200002957,218,0.98,2082,3,1
0.15846907693724907,0.06454485875196646,0.398081746551194,0.9141863533610094,LSTM,10.329312899993965,219,0.98,2082,3,3
0.1591135917700944,0.0559340053517447,0.3988904508384406,0.9256346506419182,LSTM,12.595990100002382,220,0.98,2082,3,6
0.14555399331061453,0.04306292387951228,0.38151539066021245,0.9433813544512335,LSTM,16.69507319998229,221,0.98,2082,3,12
0.1585910368774155,0.05676598228039313,0.3982349016314561,0.9261443957142511,LSTM,25.244458800007124,222,0.98,2082,3,24
0.1390914703286412,0.041314403564043894,0.3729496887364852,0.9474770089563332,LSTM,38.360807300021406,223,0.98,2082,3,48
0.15850870756298852,0.0533245045465195,0.39813152043387434,0.934940223722884,LSTM,63.29700859999866,224,0.98,2082,3,96
0.3056480726940156,0.1655086475828419,0.5528544769593673,0.7799530299702064,Linear,17.948196100012865,225,0.98,2082,6,1
0.23959334339208202,0.11949641740122786,0.4894827304329357,0.8411271860257672,LSTM,10.194643800001359,226,0.98,2082,6,3
0.2502274774388408,0.11268762566918021,0.5002274257163843,0.8509418361650073,LSTM,12.608069100009743,227,0.98,2082,6,6
0.22121523759849437,0.07966376148037846,0.47033523958820517,0.8952589868964999,LSTM,16.23273469999549,228,0.98,2082,6,12
0.1905270944007462,0.06443833073028113,0.436494094348075,0.9165952583268784,LSTM,23.77813629998127,229,0.98,2082,6,24
0.17721307953080448,0.07421064334814655,0.420966838991867,0.9056560274462805,LSTM,37.47700060001807,230,0.98,2082,6,48
0.1540022671498999,0.056457521106498605,0.392431226012788,0.9313872819263886,LSTM,63.98249840000062,231,0.98,2082,6,96
0.6075203099428523,0.47480006625252225,0.7794358921315161,0.371955654899471,Linear,18.462142200005474,232,0.98,2082,12,1
0.39363194108628374,0.24514842600786715,0.6274009412539032,0.6776816205557048,LSTM,10.103391900018323,233,0.98,2082,12,3
0.3509254834427953,0.17564459324307102,0.5923896381966816,0.7690644742281876,LSTM,12.108210200007306,234,0.98,2082,12,6
0.25622755203844855,0.12220015049296717,0.5061892452812965,0.8401030249544239,LSTM,15.335777999978745,235,0.98,2082,12,12
0.31364027062566696,0.1897679136424839,0.5600359547615376,0.7554742242572293,LSTM,23.942081799992593,236,0.98,2082,12,24
0.5643213091875353,0.4284120902409917,0.7512132248486679,0.461031844320825,LSTM,55.17476049999823,237,0.98,2082,12,48
0.3235033284677793,0.18440107432026068,0.5687735300343884,0.7767423276562195,LSTM,63.31639520000317,238,0.98,2082,12,96
0.8859967190219692,0.9094864312298708,0.9412739872226201,-0.1832908948247327,Linear,17.7447594999976,239,0.98,2082,24,1
0.7027105363643062,0.7469423603391022,0.8382783167685457,0.02818770726139297,LSTM,10.410677099978784,240,0.98,2082,24,3
0.4924099017565029,0.5285598039103413,0.7017192471042125,0.31586691640940445,LSTM,11.444266600010451,241,0.98,2082,24,6
0.514269083856485,0.5170540264853002,0.7171255704940976,0.333749133346976,LSTM,15.149624900019262,242,0.98,2082,24,12
0.4368011552548763,0.4517003279601699,0.6609093396638274,0.4230375841196973,LSTM,24.343072399991797,243,0.98,2082,24,24
0.2567307244967406,0.14411897001907858,0.5066860216117478,0.820300703156403,LSTM,41.16473769998993,244,0.98,2082,24,48
0.8703918931740737,0.9002796174831705,0.9329479584489554,-0.07771888305920482,LSTM,94.53846479998901,245,0.98,2082,24,96
0.10771419485209108,0.02584444392939295,0.3281984077537414,0.9654190564910639,Linear,18.151970500010066,246,0.98,2776,1,1
0.10102649586024261,0.02353863067399241,0.3178466546311957,0.9685043307629733,LSTM,10.256460800010245,247,0.98,2776,1,3
0.10050734497405696,0.022989653494518404,0.317028933969846,0.9694348079850538,LSTM,12.81976080001914,248,0.98,2776,1,6
0.10731435264585437,0.0243197916352605,0.3275886943193467,0.9678308646182348,LSTM,16.279977600002894,249,0.98,2776,1,12
0.18413738085403117,0.04512710714210846,0.4291123172947045,0.9412871999433483,LSTM,25.464206500008004,250,0.98,2776,1,24
0.10554495817911116,0.024976811941151856,0.3248768353993728,0.9680968091751625,LSTM,38.24497060000431,251,0.98,2776,1,48
0.10444544107749393,0.024951412933256985,0.3231801990801632,0.969557460363847,LSTM,65.62971570002264,252,0.98,2776,1,96
0.18531571727268314,0.07355954902919365,0.43048312077558065,0.9015742564834857,Linear,18.111084899981506,253,0.98,2776,3,1
0.15980468268265052,0.06390662002529901,0.399755778798319,0.9150349041769935,LSTM,10.308397999993758,254,0.98,2776,3,3
0.15934598411922604,0.05561937743339136,0.3991816430138366,0.9260529545863437,LSTM,13.106694899994181,255,0.98,2776,3,6
0.1416848721717281,0.04314582279741774,0.3764105101770248,0.9432723598910313,LSTM,15.937313700007508,256,0.98,2776,3,12
0.14979439271125047,0.04581226620658909,0.3870328057300188,0.9403957710504398,LSTM,23.972189799998887,257,0.98,2776,3,24
0.15856327520100555,0.05212714344948861,0.3982000442001552,0.9337307754114063,LSTM,39.83310170000186,258,0.98,2776,3,48
0.14794234550132876,0.04445414901503254,0.3846327410677993,0.9457627030179999,LSTM,63.564773099991726,259,0.98,2776,3,96
0.3056480726940156,0.1655086475828419,0.5528544769593673,0.7799530299702064,Linear,18.497699999978067,260,0.98,2776,6,1
0.23552722436258272,0.12069412918046746,0.4853114714928782,0.8395348048913691,LSTM,10.38416159999906,261,0.98,2776,6,3
0.24740312035674367,0.10556336235697114,0.4973963413182124,0.8603654938353926,LSTM,14.502399499993771,262,0.98,2776,6,6
0.20070861504970872,0.07190706386784258,0.44800515069551233,0.9054574052385036,LSTM,15.357671300007496,263,0.98,2776,6,12
0.17554997048218302,0.05613741450714897,0.41898683807750214,0.9273394189125779,LSTM,23.21790400001919,264,0.98,2776,6,24
0.14603661000873128,0.03886591006059137,0.38214736687399964,0.9505897781423378,LSTM,37.060900899989065,265,0.98,2776,6,48
0.3239611722246359,0.20016828381122936,0.5691758710843564,0.7567358652089734,LSTM,76.19453329997486,266,0.98,2776,6,96
0.6075203099428523,0.47480006625252225,0.7794358921315161,0.371955654899471,Linear,18.52210850000847,267,0.98,2776,12,1
0.46655590967294985,0.3260648845425734,0.6830489804347488,0.5712935755252175,LSTM,9.29947379999794,268,0.98,2776,12,3
0.3282195870375917,0.19013637388885005,0.5729045182555219,0.7500108448450652,LSTM,12.439452699996764,269,0.98,2776,12,6
0.2597192159303806,0.12161279024948665,0.5096265455511326,0.8408715765954464,LSTM,16.86113249999471,270,0.98,2776,12,12
0.6430659138511369,0.6752982799307178,0.8019139067575377,0.12984322487250133,LSTM,29.769531400001142,271,0.98,2776,12,24
0.6079270685769386,0.5601496789777372,0.779696779893914,0.29529804069468346,LSTM,42.19764050000231,272,0.98,2776,12,48
0.3042357278774831,0.15703220572192572,0.5515756773802514,0.8098783054181219,LSTM,64.14397519998602,273,0.98,2776,12,96
0.8859967190219692,0.9094864312298708,0.9412739872226201,-0.1832908948247327,Linear,19.365632100001676,274,0.98,2776,24,1
0.6717317800119538,0.7140247909124128,0.819592447507878,0.07101524030077022,LSTM,10.197481899987906,275,0.98,2776,24,3
0.5115556211525968,0.5455354857343945,0.7152311662341042,0.29389470916544924,LSTM,11.268978600011906,276,0.98,2776,24,6
0.43771014132488323,0.41059774248226355,0.6615966606059036,0.4709235635700817,LSTM,15.817402699991362,277,0.98,2776,24,12
0.3885924388237596,0.38602504736561405,0.6233718303097755,0.5069254323454638,LSTM,23.185956200002693,278,0.98,2776,24,24
0.30005390765663964,0.19244305070919196,0.547771766027275,0.760046294458665,LSTM,38.193802100024186,279,0.98,2776,24,48
0.5371602809924308,0.6667738377188638,0.7329121918705069,0.20180936935084326,LSTM,76.21262629999546,280,0.98,2776,24,96
0.10771419485209108,0.02584444392939295,0.3281984077537414,0.9654190564910639,Linear,18.383255299995653,281,0.98,3470,1,1
0.10082894778620229,0.022710098907942334,0.31753574253334427,0.9696129408098914,LSTM,10.292078400001628,282,0.98,3470,1,3
0.10340773764997747,0.023650355745447167,0.32157073506458494,0.9685563914761159,LSTM,13.057111500005703,283,0.98,3470,1,6
0.0963710462708494,0.022925278453147062,0.31043686358235456,0.9696754644412867,LSTM,18.42997430000105,284,0.98,3470,1,12
0.12193555409836866,0.02693246297359034,0.349192717705236,0.9649594132275747,LSTM,25.698582200013334,285,0.98,3470,1,24
0.11372756943396706,0.029661117377275923,0.33723518415783227,0.9621134879025118,LSTM,46.17052820001845,286,0.98,3470,1,48
0.10461305140684775,0.026283188985293603,0.3234394091740333,0.9679325966593726,LSTM,76.40712599997642,287,0.98,3470,1,96
0.18531571727268314,0.07355954902919365,0.43048312077558065,0.9015742564834857,Linear,22.76944440000807,288,0.98,3470,3,1
0.1569736625446092,0.06326027292320166,0.396199018858716,0.9158942352360119,LSTM,11.63290510000661,289,0.98,3470,3,3
0.15640711291989207,0.05485838295147561,0.395483391458974,0.9270647115694411,LSTM,15.079568900022423,290,0.98,3470,3,6
0.13612777379349938,0.03949765685351828,0.36895497529305576,0.9480689272364966,LSTM,19.27653500001179,291,0.98,3470,3,12
0.15814199382160998,0.04692421197712517,0.3976707102888142,0.9389490696367255,LSTM,27.799007900001016,292,0.98,3470,3,24
0.15251500972908386,0.04680259712066814,0.39053170131128134,0.940499869843732,LSTM,44.97506090000388,293,0.98,3470,3,48
0.1638635291446296,0.05674429970081971,0.40480060418016867,0.9307678247565093,LSTM,65.14226249998319,294,0.98,3470,3,96
0.3056480726940156,0.1655086475828419,0.5528544769593673,0.7799530299702064,Linear,19.403906599996844,295,0.98,3470,6,1
0.23915498101114532,0.1168699706295119,0.4890347441758564,0.8446190981554422,LSTM,9.471640100004151,296,0.98,3470,6,3
0.21289510815053855,0.07833322769452011,0.4614055788030077,0.8963843011326578,LSTM,11.868456700001843,297,0.98,3470,6,6
0.2119490932906067,0.07347261784747489,0.4603792928560175,0.9033990325625499,LSTM,16.674397199996747,298,0.98,3470,6,12
0.17493196245298234,0.05109136112672856,0.41824868493873635,0.9338706988804647,LSTM,25.457869200006826,299,0.98,3470,6,24
0.1520872448654499,0.05809119302098234,0.38998364692054704,0.9261486806646683,LSTM,38.042377500009025,300,0.98,3470,6,48
0.18060554888094627,0.07036446365287478,0.42497711571441854,0.9144862010872126,LSTM,64.04567769999267,301,0.98,3470,6,96
0.6075203099428523,0.47480006625252225,0.7794358921315161,0.371955654899471,Linear,18.895181700005196,302,0.98,3470,12,1
0.42271309015049324,0.2822372294000031,0.6501638948376735,0.6289176810944017,LSTM,9.601005500007886,303,0.98,3470,12,3
0.3185401791654239,0.1652794155352566,0.5643936384877348,0.7826924927141299,LSTM,12.157688200008124,304,0.98,3470,12,6
0.3247914182488976,0.18632594939708383,0.5699047448906682,0.7561954256119887,LSTM,16.100060299999313,305,0.98,3470,12,12
0.29137468381365017,0.13878792533026507,0.5397913335851643,0.8211645770156417,LSTM,23.42523799999617,306,0.98,3470,12,24
0.2317174547335789,0.10363900658085447,0.48137039245634844,0.8696159013582377,LSTM,36.94191449999926,307,0.98,3470,12,48
0.32501751547992563,0.2218413105270618,0.5701030744347251,0.7314127653510973,LSTM,61.387035599997034,308,0.98,3470,12,96
0.8859967190219692,0.9094864312298708,0.9412739872226201,-0.1832908948247327,Linear,18.37972749999608,309,0.98,3470,24,1
0.612939676731416,0.6518860189163238,0.7829046408927565,0.1518611337564122,LSTM,9.754039999999804,310,0.98,3470,24,3
0.4909641230509139,0.5104047461983445,0.7006883209037481,0.3393656303172452,LSTM,11.574217299988959,311,0.98,3470,24,6
0.47812789101728065,0.5163082599390295,0.6914679247928139,0.33471009212946756,LSTM,16.426881799998228,312,0.98,3470,24,12
0.3474970823223992,0.32967912746862493,0.5894888313805438,0.5788967727595258,LSTM,22.795473699981812,313,0.98,3470,24,24
0.25569521386251703,0.15235234202724737,0.505663142677531,0.8100346628126244,LSTM,35.922763900016434,314,0.98,3470,24,48
0.5644319034920391,0.6803032957591815,0.7512868317041362,0.18561334300030763,LSTM,58.64783900001203,315,0.98,3470,24,96
0.11406558346334197,0.033774398729081785,0.3377359670857428,0.9323175266267802,Linear,45.17209139998886,316,0.96,1288,1,1
0.11461446070327203,0.034020531658019,0.3385475752435277,0.9320435885008467,LSTM,20.400625300011598,317,0.96,1288,1,3
0.1139456133441614,0.03297285469453707,0.3375583110281265,0.9341363355385545,LSTM,24.2408045999764,318,0.96,1288,1,6
0.11083883345145225,0.03292901701219208,0.33292466633076656,0.9344175878496737,LSTM,38.88864580000518,319,0.96,1288,1,12
0.11872740146318964,0.03775958310478389,0.3445684278386365,0.9255624277689857,LSTM,56.296444000006886,320,0.96,1288,1,24
0.11048647144089788,0.032617757090439424,0.3323950532738083,0.936557220729677,LSTM,79.59520860001794,321,0.96,1288,1,48
0.1117808186378718,0.03570353498666419,0.3343363854531418,0.9319561824833654,LSTM,128.19390439998824,322,0.96,1288,1,96
0.21070975379121207,0.09787415110948011,0.4590313211440065,0.8044952337963128,Linear,35.596097700006794,323,0.96,1288,3,1
0.18581577913813538,0.08785146490476871,0.4310635441998492,0.8245156671893257,LSTM,18.687667199992575,324,0.96,1288,3,3
0.173403879078165,0.0780869903906502,0.41641791397364863,0.8444796215604592,LSTM,22.126446300011594,325,0.96,1288,3,6
0.16626632220576704,0.07589630436296156,0.4077576758391766,0.8492887985333234,LSTM,34.3160429999989,326,0.96,1288,3,12
0.16406508964948982,0.07019009094072501,0.40504949037060867,0.8616303588468449,LSTM,46.88106600000174,327,0.96,1288,3,24
0.147385001468041,0.06465127192448153,0.3839075428642175,0.8742508148896373,LSTM,87.84407360001933,328,0.96,1288,3,48
0.17716091098435777,0.099343097634831,0.4209048716567174,0.8108761358827961,LSTM,124.94080810001469,329,0.96,1288,3,96
0.3272211620934856,0.191900690029674,0.5720324834250985,0.6166761181242705,Linear,34.915670599992154,330,0.96,1288,6,1
0.26583336565246113,0.14776347016280544,0.5155903079504707,0.7057098668511259,LSTM,17.405840399995213,331,0.96,1288,6,3
0.24515092274471212,0.12477327875759714,0.49512717835391756,0.7514978175692725,LSTM,21.521289800002705,332,0.96,1288,6,6
0.23407375331012134,0.1268007981635203,0.483811691994025,0.7482051227848219,LSTM,28.48957470001187,333,0.96,1288,6,12
0.1993827165904943,0.08450091745286407,0.4465229183261418,0.8339018919983289,LSTM,43.50462629998219,334,0.96,1288,6,24
0.20557976090184504,0.10293121327517342,0.4534090436921666,0.8002762347067425,LSTM,73.66930059998413,335,0.96,1288,6,48
0.22021396035886923,0.10331860353014265,0.4692696030629613,0.80330778886481,LSTM,131.72585829999298,336,0.96,1288,6,96
0.49389639940340224,0.37301433347870483,0.7027776315474207,0.25709353099966215,Linear,36.855709299998125,337,0.96,1288,12,1
0.4217625510394977,0.3007834068803746,0.6494324838191401,0.4027188937238445,LSTM,19.62413790001301,338,0.96,1288,12,3
0.3674760616325684,0.22902096099827843,0.6061980382948863,0.5452212794441713,LSTM,23.179919799993513,339,0.96,1288,12,6
0.31677503506893845,0.19776399906896105,0.5628277134869413,0.6101367982655247,LSTM,30.539401899994118,340,0.96,1288,12,12
0.32244229123476853,0.1643087075901273,0.5678400225721753,0.6778941417667339,LSTM,47.90918149999925,341,0.96,1288,12,24
0.23328458122571477,0.11878033268610544,0.4829954256778368,0.7700616791626614,LSTM,87.13176910000038,342,0.96,1288,12,48
0.3048680370167749,0.16775019586775428,0.5521485642621693,0.6811166180232517,LSTM,151.4038956000004,343,0.96,1288,12,96
0.5969624490172633,0.5012482442227867,0.7726334506201911,0.011861378832975888,Linear,32.67515789999743,344,0.96,1288,24,1
0.5742499387304527,0.4714109095708333,0.7577928072570053,0.07068138082220177,LSTM,16.271834400016814,345,0.96,1288,24,3
0.41658356517122874,0.2805185305596794,0.6454328510164545,0.4486024697736287,LSTM,20.772256599972025,346,0.96,1288,24,6
0.3412944937073279,0.19683999281650552,0.5842041541339191,0.6141207867147747,LSTM,27.313253600004828,347,0.96,1288,24,12
0.23878567836135164,0.12299249210634935,0.4886570150538634,0.7601748320374258,LSTM,40.527460699988296,348,0.96,1288,24,24
0.261361048318089,0.12878975299630432,0.5112348269808005,0.7516641002071454,LSTM,66.3662032999855,349,0.96,1288,24,48
0.2958843184800323,0.15267820406591268,0.5439524965289086,0.7110583457680923,LSTM,121.30076760001248,350,0.96,1288,24,96
0.11406558346334197,0.033774398729081785,0.3377359670857428,0.9323175266267802,Linear,32.336949699994875,351,0.96,2576,1,1
0.11424992650944824,0.03378438062467926,0.3380087669121146,0.932515302963128,LSTM,16.902390000002924,352,0.96,2576,1,3
0.11950565516748025,0.03748875337730245,0.34569589984187005,0.9251157748883169,LSTM,19.798932000005152,353,0.96,2576,1,6
0.11275988750866703,0.032995482729705664,0.33579739056262337,0.9342852127448162,LSTM,28.08393750002142,354,0.96,2576,1,12
0.11778676011107873,0.037863299330551464,0.3432007577367491,0.9253579661883141,LSTM,43.33628819999285,355,0.96,2576,1,24
0.11608045428542463,0.03757748923683306,0.34070581780390047,0.9269103528922864,LSTM,72.84359640002367,356,0.96,2576,1,48
0.11661271229484052,0.03497747060452003,0.34148603528525223,0.9333399164005364,LSTM,160.10457599998335,357,0.96,2576,1,96
0.21070975379121207,0.09787415110948011,0.4590313211440065,0.8044952337963128,Linear,42.21041329999571,358,0.96,2576,3,1
0.1860650305981279,0.0892135735801063,0.4313525595126658,0.8217948391147301,LSTM,16.306854599999497,359,0.96,2576,3,3
0.17772448242189343,0.0823686812295849,0.4215738161009213,0.8359520784152956,LSTM,20.026312400004826,360,0.96,2576,3,6
0.18674785994709348,0.09282177696231729,0.4321433326421842,0.8156790156558706,LSTM,27.424351699999534,361,0.96,2576,3,12
0.1590000733397935,0.06879869887057072,0.39874813271010245,0.8643732876402153,LSTM,43.53606439998839,362,0.96,2576,3,24
0.1610071353169062,0.07279091262545186,0.40125694426004166,0.858418903857264,LSTM,70.24618849999388,363,0.96,2576,3,48
0.2635921766767689,0.14465060651441883,0.5134122872280803,0.724622220343244,LSTM,128.7066433999862,364,0.96,2576,3,96
0.3272211620934856,0.191900690029674,0.5720324834250985,0.6166761181242705,Linear,38.3783279999916,365,0.96,2576,6,1
0.2617176689320761,0.14413623453423918,0.5115834916531964,0.7129339774849448,LSTM,17.72141319999355,366,0.96,2576,6,3
0.2813670093662041,0.16107344111611283,0.5304403919067666,0.6792013318272749,LSTM,20.91413480002666,367,0.96,2576,6,6
0.23642318550804137,0.11943460530082457,0.4862336737701754,0.7628325514309248,LSTM,28.42195969997556,368,0.96,2576,6,12
0.21461922377328554,0.0986901897848805,0.4632701412494502,0.8060109369731002,LSTM,43.648099299985915,369,0.96,2576,6,24
0.2239328766576225,0.13176048923081615,0.47321546536183967,0.7443370170357494,LSTM,68.76092299999436,370,0.96,2576,6,48
0.3050675337672555,0.18510056671058758,0.5523291896751932,0.6476158358251483,LSTM,125.83676150001702,371,0.96,2576,6,96
0.49389639940340224,0.37301433347870483,0.7027776315474207,0.25709353099966215,Linear,32.019413600006374,372,0.96,2576,12,1
0.43669665985024303,0.32315259689814635,0.660830280669888,0.35829924072872443,LSTM,16.11610820001806,373,0.96,2576,12,3
0.3977681120431861,0.270808260833719,0.6306886014850641,0.462242085435867,LSTM,20.270589599997038,374,0.96,2576,12,6
0.3111397716901082,0.17685791995995417,0.5577990423890204,0.6513501180584236,LSTM,28.300430100003723,375,0.96,2576,12,12
0.31150783538727583,0.15385152856704085,0.5581288698744008,0.6983940816258711,LSTM,44.07932499999879,376,0.96,2576,12,24
0.44460228235315696,0.323019558554766,0.6667850345899771,0.3746896206463507,LSTM,82.18591930001276,377,0.96,2576,12,48
0.2823218200193876,0.14889328282082243,0.5313396465721221,0.7169625148041269,LSTM,135.5397171000077,378,0.96,2576,12,96
0.5969624490172633,0.5012482442227867,0.7726334506201911,0.011861378832975888,Linear,50.62899969998398,379,0.96,2576,24,1
0.5837564277933646,0.48071536310819274,0.7640395459617025,0.05233899260421415,LSTM,20.388953700021375,380,0.96,2576,24,3
0.4559101314260816,0.34227649383696346,0.6752111754303846,0.3272087481005407,LSTM,24.198689199984074,381,0.96,2576,24,6
0.40753955207203885,0.2651826596642952,0.6383882455622432,0.480143874098123,LSTM,31.56946689999313,382,0.96,2576,24,12
0.2960910799950144,0.18996551436306292,0.5441425180915515,0.6295829882865959,LSTM,45.2238169000193,383,0.96,2576,24,24
0.24698449493499736,0.12740940232136755,0.4969753464056314,0.7543257298703372,LSTM,71.29619290001574,384,0.96,2576,24,48
0.23185792743253478,0.10103918255277569,0.4815162795093586,0.8087845692995237,LSTM,119.55463529998087,385,0.96,2576,24,96
0.11406558346334197,0.033774398729081785,0.3377359670857428,0.9323175266267802,Linear,34.69519749999745,386,0.96,3864,1,1
0.11360879778265998,0.03322841921750889,0.33705904198324066,0.9336258424027553,LSTM,19.019505500007654,387,0.96,3864,1,3
0.11252513985812745,0.03262318573802662,0.3354476708193507,0.9348348033854408,LSTM,21.4035920999886,388,0.96,3864,1,6
0.12452508294683243,0.04306160173088414,0.3528811172999094,0.914237229993157,LSTM,29.716559299995424,389,0.96,3864,1,12
0.1105777100223297,0.03170363648620528,0.33253226914440903,0.9375008531111473,LSTM,46.50117030000547,390,0.96,3864,1,24
0.12022181801524014,0.037090795952441545,0.34673018042166465,0.9278569898584146,LSTM,69.09138969998457,391,0.96,3864,1,48
0.12439072476593441,0.038285881288035166,0.35269069276908116,0.9270347454166752,LSTM,134.49288099998375,392,0.96,3864,1,96
0.21070975379121207,0.09787415110948011,0.4590313211440065,0.8044952337963128,Linear,37.09010840000701,393,0.96,3864,3,1
0.1856894602221991,0.08856268432589462,0.43091699922630006,0.8230949980435857,LSTM,19.40111259999685,394,0.96,3864,3,3
0.1761312621562117,0.08204552596092177,0.41967995205419534,0.8365956840841247,LSTM,22.532779300003313,395,0.96,3864,3,6
0.1734285009130961,0.08766771768379202,0.41644747677599886,0.825913696683055,LSTM,30.28631329999189,396,0.96,3864,3,12
0.18736829038189848,0.08982986668102598,0.4328605900077974,0.8229133735132764,LSTM,47.84952809999231,397,0.96,3864,3,24
0.29360598928755943,0.18229846379114673,0.5418542140535214,0.6454225479835135,LSTM,82.68256879999535,398,0.96,3864,3,48
0.15266601961868317,0.07190864674493509,0.390724992313882,0.8631043176665258,LSTM,133.2033870999876,399,0.96,3864,3,96
0.3272211620934856,0.191900690029674,0.5720324834250985,0.6166761181242705,Linear,34.81653019998339,400,0.96,3864,6,1
0.2835434755402728,0.16222986158159527,0.532488005067037,0.6768981703463762,LSTM,18.260431400005473,401,0.96,3864,6,3
0.24781454167325956,0.1287796890329875,0.49780974445390236,0.743518531402708,LSTM,23.10316509997938,402,0.96,3864,6,6
0.25423301692168987,0.13890661154457376,0.5042152486009223,0.7241659855079308,LSTM,29.926173599989852,403,0.96,3864,6,12
0.2068884288875283,0.08693080462907767,0.45484989709521567,0.8291256164880454,LSTM,48.01265419999254,404,0.96,3864,6,24
0.2050255632035312,0.0945678373621929,0.4527974858626439,0.8165042074931692,LSTM,78.61880579998251,405,0.96,3864,6,48
0.3418301166240939,0.21866467118150407,0.5846623954249955,0.5837183604665015,LSTM,129.2883370000054,406,0.96,3864,6,96
0.49389639940340224,0.37301433347870483,0.7027776315474207,0.25709353099966215,Linear,34.923898700013524,407,0.96,3864,12,1
0.44737140045810586,0.33497434702044454,0.6688582812959004,0.33482418249861823,LSTM,17.746215799998026,408,0.96,3864,12,3
0.37431971790958146,0.2454793058233083,0.6118167355585996,0.5125390962528695,LSTM,21.578695399977732,409,0.96,3864,12,6
0.3207476367534484,0.1896864422263112,0.5663458631909025,0.6260605365985545,LSTM,28.797736699983943,410,0.96,3864,12,12
0.2663869639014245,0.12304174044064738,0.5161268874040806,0.7587926654379524,LSTM,45.72129320001113,411,0.96,3864,12,24
0.2296338361056067,0.1122548547788005,0.4792012480217541,0.7826938834908983,LSTM,70.23266889998922,412,0.96,3864,12,48
0.43276296514392365,0.3109702424840573,0.6578472202144838,0.4088636254373086,LSTM,151.9480396999861,413,0.96,3864,12,96
0.5969624490172633,0.5012482442227867,0.7726334506201911,0.011861378832975888,Linear,54.59208890001173,414,0.96,3864,24,1
0.578456373945662,0.475250175546963,0.7605631952347299,0.06311282166679022,LSTM,28.34691650001332,415,0.96,3864,24,3
0.4061340632080669,0.272141307017758,0.6372864844071832,0.4650690481560039,LSTM,33.312961300020106,416,0.96,3864,24,6
0.40237141408367966,0.299837699146411,0.6343275290287185,0.4122071749528772,LSTM,50.90388170001097,417,0.96,3864,24,12
0.6009993374839725,0.5062158378914717,0.7752414704361297,0.012921063159999635,LSTM,66.75235629998497,418,0.96,3864,24,24
0.2763340155780953,0.1483557056849155,0.5256748192353284,0.7139364988010762,LSTM,107.03024530000403,419,0.96,3864,24,48
0.3633558587894883,0.24126028934399793,0.6027900619531549,0.5434178209652709,LSTM,172.9969935999834,420,0.96,3864,24,96
0.11406558346334197,0.033774398729081785,0.3377359670857428,0.9323175266267802,Linear,67.1012492000009,421,0.96,5152,1,1
0.11316870028532036,0.032898511221263436,0.3364055592366457,0.9342848374994539,LSTM,33.94902540001203,422,0.96,5152,1,3
0.1127801974564754,0.03404430474222591,0.33582763057329784,0.9319961014859697,LSTM,38.63377490002313,423,0.96,5152,1,6
0.10985219206976622,0.03353280053986338,0.33143957529203755,0.9332150745725037,LSTM,51.40190120000625,424,0.96,5152,1,12
0.11026178355684929,0.03161600069041027,0.33205689807147404,0.9376736144433212,LSTM,71.8553111999936,425,0.96,5152,1,24
0.1111669243255,0.03324592632217666,0.3334170426440436,0.935335407660096,LSTM,105.84789519998594,426,0.96,5152,1,48
0.11159856892445888,0.03411667840230339,0.33406371985664485,0.9349804146747058,LSTM,199.85338879999472,427,0.96,5152,1,96
0.21070975379121207,0.09787415110948011,0.4590313211440065,0.8044952337963128,Linear,70.8743422999978,428,0.96,5152,3,1
0.19063812037662003,0.0933640861171144,0.4366212550673868,0.8135041415814706,LSTM,31.61202250001952,429,0.96,5152,3,3
0.170806485945255,0.07879266623097583,0.4132874132431993,0.8430741765152084,LSTM,39.95299749998958,430,0.96,5152,3,6
0.18048602573761538,0.09224343221167185,0.42483646940630626,0.8168274646213811,LSTM,50.138016100012464,431,0.96,5152,3,12
0.1630218138734433,0.06962089799947767,0.4037595991099695,0.8627524406389003,LSTM,74.36152520001633,432,0.96,5152,3,24
0.1547685114922715,0.07017345327223395,0.3934062931528568,0.8635099619436559,LSTM,113.22160669998266,433,0.96,5152,3,48
0.16536478574119948,0.0833241028527179,0.4066506925374645,0.8413722072213683,LSTM,197.60957870000857,434,0.96,5152,3,96
0.3272211620934856,0.191900690029674,0.5720324834250985,0.6166761181242705,Linear,65.66594410000835,435,0.96,5152,6,1
0.2657882032807336,0.14171870592758798,0.5155465093284345,0.717748799543189,LSTM,33.19063009999809,436,0.96,5152,6,3
0.2629818254704143,0.14119407024013272,0.5128175362352718,0.7187936796217751,LSTM,39.92961839999771,437,0.96,5152,6,6
0.23737226236900014,0.12465025396445545,0.4872086435696725,0.7524755691888818,LSTM,52.44565149999107,438,0.96,5152,6,12
0.20469868461484708,0.09834662333052344,0.45243638736826536,0.8066862638187926,LSTM,75.69527569998172,439,0.96,5152,6,24
0.2579896585615698,0.1575752756660021,0.5079268240224863,0.6942469988282188,LSTM,116.28856310000992,440,0.96,5152,6,48
0.2373503211871737,0.12052712992295614,0.48718612581555903,0.7705471534039052,LSTM,129.87412590000895,441,0.96,5152,6,96
0.49389639940340224,0.37301433347870483,0.7027776315474207,0.25709353099966215,Linear,36.6054077000008,442,0.96,5152,12,1
0.4390772961586575,0.32095478906596053,0.6626290788658897,0.36266354096391806,LSTM,17.2444365999836,443,0.96,5152,12,3
0.38951912168966185,0.25314998569587,0.6241146703047941,0.4973070320652462,LSTM,22.06602460000431,444,0.96,5152,12,6
0.3058442274868446,0.16673693043493373,0.5530318503367094,0.6713021892115238,LSTM,29.965648000012152,445,0.96,5152,12,12
0.2409628958271229,0.1149994356357345,0.4908797162514692,0.7745585583681189,LSTM,49.904930100019556,446,0.96,5152,12,24
0.44794254197830957,0.3121645006672076,0.6692850976813316,0.39570314811182195,LSTM,83.38878949999344,447,0.96,5152,12,48
0.25893892430225207,0.13136695397797285,0.508860417307391,0.7502790482730384,LSTM,129.2178379999823,448,0.96,5152,12,96
0.5969624490172633,0.5012482442227867,0.7726334506201911,0.011861378832975888,Linear,40.59631709998939,449,0.96,5152,24,1
0.5435952532538639,0.4406220202337954,0.7372891246002914,0.13137723563549553,LSTM,20.664480700012064,450,0.96,5152,24,3
0.41097909815968897,0.2836649918042585,0.6410765150586075,0.4424176699468493,LSTM,23.142882699990878,451,0.96,5152,24,6
0.36008759472540924,0.2189296944865766,0.6000729911647492,0.5708167986370145,LSTM,35.17194480000762,452,0.96,5152,24,12
0.23367919689630692,0.11800634834638495,0.48340376177302025,0.7698973991977449,LSTM,59.75552659999812,453,0.96,5152,24,24
0.2835009208458494,0.15229365377568466,0.5324480452080272,0.706343240333636,LSTM,81.54892560001463,454,0.96,5152,24,48
0.580453786012423,0.4931458155569778,0.7618751774486573,0.0667275096904999,LSTM,128.94556170000578,455,0.96,5152,24,96
0.11406558346334197,0.033774398729081785,0.3377359670857428,0.9323175266267802,Linear,36.33472729998175,456,0.96,6440,1,1
0.11544748128627856,0.034460681823375194,0.33977563374420855,0.9311643833767458,LSTM,21.693912500020815,457,0.96,6440,1,3
0.10887881486658003,0.030771272928044296,0.3299678997517486,0.938534020970891,LSTM,27.068166000011843,458,0.96,6440,1,6
0.11484621124196867,0.035525272733983565,0.3388896741447999,0.9292468075396776,LSTM,31.770048100006534,459,0.96,6440,1,12
0.11254621695709474,0.03326877809795797,0.3354790857223364,0.9344154021554707,LSTM,42.551238999993075,460,0.96,6440,1,24
0.12051269064861778,0.04005966114797781,0.34714937800407736,0.9220824340310012,LSTM,73.99479019999853,461,0.96,6440,1,48
0.1385566821910739,0.04221665018645194,0.3722320273580363,0.9195434837888325,LSTM,128.81199299998116,462,0.96,6440,1,96
0.21070975379121207,0.09787415110948011,0.4590313211440065,0.8044952337963128,Linear,34.207734000025084,463,0.96,6440,3,1
0.1875678159558187,0.090145020947232,0.4330910019335644,0.8199342620606593,LSTM,20.204410500009544,464,0.96,6440,3,3
0.1782428449459305,0.08613200607779985,0.4221881629628317,0.8284569284337515,LSTM,24.840805400017416,465,0.96,6440,3,6
0.1638197059306052,0.07888116733052407,0.40474647117745843,0.8433616023696817,LSTM,30.4658458000049,466,0.96,6440,3,12
0.17218053863604937,0.0706892977205979,0.41494642863392545,0.8606462446782144,LSTM,47.888482400012435,467,0.96,6440,3,24
0.1588970994450055,0.07075260214909278,0.39861899032159204,0.8623834953304754,LSTM,74.88424370001303,468,0.96,6440,3,48
0.18231276762837423,0.08430713109638809,0.42698099211601237,0.8395007727241006,LSTM,131.7138277000049,469,0.96,6440,3,96
0.3272211620934856,0.191900690029674,0.5720324834250985,0.6166761181242705,Linear,39.929460399987875,470,0.96,6440,6,1
0.26421680078582555,0.14526947309826116,0.5140202338292001,0.7106769857702266,LSTM,21.83333130000392,471,0.96,6440,6,3
0.23745503333897805,0.11844503649603122,0.4872935802357528,0.7641013335512851,LSTM,27.20706750001409,472,0.96,6440,6,6
0.23509166369203963,0.11771821462712614,0.48486252040350536,0.7662408768137022,LSTM,32.047790000011446,473,0.96,6440,6,12
0.6043392969372141,0.5088127576795668,0.777392627272226,-0.0001410508333403726,LSTM,53.38396059998195,474,0.96,6440,6,24
0.18399649487077852,0.08895814581940764,0.4289481260837708,0.8273890370935315,LSTM,77.28394209998078,475,0.96,6440,6,48
0.20165675903001748,0.08634673690779157,0.449062088168237,0.8356178846170029,LSTM,129.8723239999963,476,0.96,6440,6,96
0.49389639940340224,0.37301433347870483,0.7027776315474207,0.25709353099966215,Linear,34.9150850000151,477,0.96,6440,12,1
0.43606942523927233,0.318745993461154,0.6603555294228044,0.3670496601852534,LSTM,18.764974499994423,478,0.96,6440,12,3
0.39143609259436246,0.24534088033325588,0.6256485375946806,0.512813974879629,LSTM,22.629565499984892,479,0.96,6440,12,6
0.30445852308836563,0.1792329730566195,0.551777602923828,0.6466680434193866,LSTM,30.497085100010736,480,0.96,6440,12,12
0.22259698512935644,0.10934089901516465,0.47180184943401443,0.7856513837043126,LSTM,46.631251299986616,481,0.96,6440,12,24
0.21055741473203954,0.0873035499734997,0.45886535577665866,0.8309953236358173,LSTM,75.17264410000644,482,0.96,6440,12,48
0.46066725153956484,0.3291167450055533,0.6787247244204124,0.3743681778155,LSTM,127.58533560001524,483,0.96,6440,12,96
0.5969624490172633,0.5012482442227867,0.7726334506201911,0.011861378832975888,Linear,34.745037299988326,484,0.96,6440,24,1
0.5836887246351692,0.481257248363098,0.763995238620745,0.05127074397734244,LSTM,20.211214399983874,485,0.96,6440,24,3
0.5240044519924799,0.41800111110255384,0.7238815179243631,0.17836165819786265,LSTM,22.18145249999361,486,0.96,6440,24,6
0.34427495157224625,0.2065949787394166,0.5867494793966554,0.5949974051311835,LSTM,29.466385999985505,487,0.96,6440,24,12
0.24051187617698916,0.12082450997888233,0.49042010172604994,0.7644022175384046,LSTM,45.9944242000056,488,0.96,6440,24,24
0.24647697507460317,0.13202320161031805,0.4964644751385573,0.7454292767657331,LSTM,75.90730099999928,489,0.96,6440,24,48
0.2456805262485627,0.12973628907021004,0.49566170544895105,0.7544756423669204,LSTM,126.02883649998694,490,0.96,6440,24,96
0.12115155530262424,0.03654185660592252,0.34806831987790016,0.9083924517769113,Linear,49.34634150000056,491,0.94,1810,1,1
0.12778013225579102,0.039948823277266565,0.3574634698200517,0.8998514554338568,LSTM,27.076015900005586,492,0.94,1810,1,3
0.13086879879906949,0.04134240785984636,0.3617579284536408,0.8963921372405776,LSTM,31.896640599996317,493,0.94,1810,1,6
0.1255820156936209,0.038766140781362306,0.3543755291969536,0.9029084843660842,LSTM,43.44541859999299,494,0.94,1810,1,12
0.12156210684207412,0.036445593378588714,0.3486575782082961,0.9088267182489482,LSTM,66.12143219998688,495,0.94,1810,1,24
0.12591218703374998,0.038413972822529015,0.35484107292385136,0.9044761686487962,LSTM,105.68550280001364,496,0.94,1810,1,48
0.12783581604997257,0.03958507484012869,0.35754134872762977,0.9037850288834511,LSTM,184.48868119998951,497,0.94,1810,1,96
0.20354398878512228,0.0905100539303992,0.4511584963016016,0.7730984438059565,Linear,48.218494600005215,498,0.94,1810,3,1
0.19364305319088262,0.09128917850029365,0.44004892136088986,0.7712209528399254,LSTM,27.61969280001358,499,0.94,1810,3,3
0.19390927017211199,0.08633374045822624,0.4403513031343407,0.7836397346950094,LSTM,34.20508090002113,500,0.94,1810,3,6
0.19815087956965288,0.09830621684215068,0.4451414152487419,0.7537877282324266,LSTM,50.996519400010584,501,0.94,1810,3,12
0.18816270775388413,0.08835542841110167,0.43377725592045985,0.7791140971249423,LSTM,85.50537230001646,502,0.94,1810,3,24
0.1780737278109907,0.08378710187657763,0.4219878289844278,0.7920535883167925,LSTM,118.05419809999876,503,0.94,1810,3,48
0.20170985744362227,0.09513522798723108,0.44912120573807496,0.768765544844225,LSTM,203.26369989998057,504,0.94,1810,3,96
0.2996636898999298,0.16525282309593753,0.5474154637018668,0.5858612813754333,Linear,57.15570599999046,505,0.94,1810,6,1
0.28890098475696596,0.158919821622162,0.5374951020771873,0.6017323634317697,LSTM,28.269864500005497,506,0.94,1810,6,3
0.26995545294648926,0.14940457213219968,0.5195723750802089,0.6258096354557425,LSTM,33.79936699999962,507,0.94,1810,6,6
0.2838668106915194,0.17654875621021726,0.532791526482469,0.5580129960000599,LSTM,45.08032540002023,508,0.94,1810,6,12
0.23034621242130798,0.11327183385180854,0.47994396800179495,0.7168238359475089,LSTM,68.31292570001096,509,0.94,1810,6,24
0.2882385375409246,0.16415220591261537,0.5368785128322092,0.5926000371788295,LSTM,109.42806780000683,510,0.94,1810,6,48
0.27084384152759755,0.16659653097657903,0.5204265957150899,0.5960016116464391,LSTM,207.7167008999968,511,0.94,1810,6,96
0.42694277432365796,0.2966425201173935,0.6534085814585373,0.25704567699684344,Linear,51.55768779999926,512,0.94,1810,12,1
0.3987553624110516,0.28005816083124835,0.6314707929992104,0.29858193896293994,LSTM,27.2861865000159,513,0.94,1810,12,3
0.4021899237964652,0.27422344821897066,0.6341844556566056,0.3134859576098149,LSTM,34.451419799996074,514,0.94,1810,12,6
0.35907809841084715,0.22744089762284286,0.599231256203185,0.43102770133900437,LSTM,44.89506209999672,515,0.94,1810,12,12
0.33467593031892867,0.21070925302787485,0.578511823836755,0.4744666459061142,LSTM,69.66827189998003,516,0.94,1810,12,24
0.32450045563686963,0.21930442096591268,0.5696494146726298,0.4567320793792943,LSTM,107.85470140000689,517,0.94,1810,12,48
0.3922318897724608,0.26234487455335276,0.6262841924976718,0.3654383641515848,LSTM,178.92320580000523,518,0.94,1810,12,96
0.517000131996357,0.39650461051591895,0.719027212278059,0.00809334630295977,Linear,50.02357049999409,519,0.94,1810,24,1
0.4893590691667428,0.3644202314505486,0.6995420424583092,0.08896042611709098,LSTM,25.0036156999995,520,0.94,1810,24,3
0.4028495206470985,0.2759850889852797,0.6347042781068192,0.3100456117203658,LSTM,30.705480900011025,521,0.94,1810,24,6
0.38056011347985813,0.22718417712293146,0.6168955450316189,0.4333762714033301,LSTM,41.27951300001587,522,0.94,1810,24,12
0.3110083618496436,0.17009501988780182,0.5576812367738793,0.5770255769038074,LSTM,60.796507099992596,523,0.94,1810,24,24
0.27594725611672755,0.15225075558326293,0.5253068209310894,0.6257278518100855,LSTM,101.2945449000108,524,0.94,1810,24,48
0.28179528102804924,0.16777240222465997,0.5308439328353007,0.5965020584018454,LSTM,181.39341750001768,525,0.94,1810,24,96
0.12115155530262424,0.03654185660592252,0.34806831987790016,0.9083924517769113,Linear,53.672039199998835,526,0.94,3620,1,1
0.12619224684837635,0.039003791018685,0.3552354808410561,0.9022205766619871,LSTM,27.030929500004277,527,0.94,3620,1,3
0.12374469045234888,0.037639063809556395,0.351773635243389,0.9056730568090295,LSTM,30.289709100004984,528,0.94,3620,1,6
0.12330523152113501,0.037153135539316505,0.35114844655947863,0.9069483273971184,LSTM,39.634381200012285,529,0.94,3620,1,12
0.1243801356038607,0.03611002154139805,0.35267568048259396,0.9096661938294961,LSTM,64.6537890000036,530,0.94,3620,1,24
0.12291762289016661,0.03639144850413338,0.3505960965130197,0.90950556961148,LSTM,103.16561339999316,531,0.94,3620,1,48
0.12537977154819346,0.03950729930174743,0.35409006135190163,0.9039740691014916,LSTM,182.2525547000114,532,0.94,3620,1,96
0.20354398878512228,0.0905100539303992,0.4511584963016016,0.7730984438059565,Linear,49.08061029997771,533,0.94,3620,3,1
0.18925942943644208,0.08741808343317803,0.4350395722649172,0.7809222718294256,LSTM,23.824020600004587,534,0.94,3620,3,3
0.1870341435612768,0.08139386231048851,0.43247444266832324,0.7960195220289777,LSTM,32.42934700002661,535,0.94,3620,3,6
0.20384149921079842,0.10386416830525634,0.4514880942071434,0.7398675927612138,LSTM,41.18077360000461,536,0.94,3620,3,12
0.18940807007207017,0.08088367809292595,0.4352103744995863,0.7977932472888486,LSTM,64.96891860000324,537,0.94,3620,3,24
0.21108317503606697,0.10200281383888807,0.45943789029211224,0.7468450555715369,LSTM,102.37095819998649,538,0.94,3620,3,48
0.208038916920708,0.10395016237976144,0.45611283354089915,0.7473400792767884,LSTM,175.652357199986,539,0.94,3620,3,96
0.2996636898999298,0.16525282309593753,0.5474154637018668,0.5858612813754333,Linear,56.214855599973816,540,0.94,3620,6,1
0.2760873565117584,0.1508390479301702,0.5254401550241078,0.6219835228346791,LSTM,25.52617719999398,541,0.94,3620,6,3
0.2706098306564465,0.1567250067549629,0.5202017211202271,0.6074752828919511,LSTM,28.45524090001709,542,0.94,3620,6,6
0.26135904768843615,0.14076794626173714,0.5112328703129682,0.647589684781653,LSTM,42.246604999993,543,0.94,3620,6,12
0.24726993626625413,0.12080860653418687,0.49726244204268444,0.697982131836638,LSTM,64.55370799999218,544,0.94,3620,6,24
0.2500837494908217,0.13897118166167363,0.500083742478019,0.655095379757983,LSTM,94.03879310001503,545,0.94,3620,6,48
0.4478757397126197,0.32831716848325143,0.6692351901331995,0.20382731766074247,LSTM,168.5736143999966,546,0.94,3620,6,96
0.42694277432365796,0.2966425201173935,0.6534085814585373,0.25704567699684344,Linear,63.82004869999946,547,0.94,3620,12,1
0.38625494669432386,0.25508707575206496,0.621494124424619,0.36112312692991433,LSTM,35.396877699997276,548,0.94,3620,12,3
0.39543136596804673,0.2891171410990543,0.6288333371951957,0.27619983429821693,LSTM,34.76692429999821,549,0.94,3620,12,6
0.36280467747623496,0.22541922042581078,0.6023326966687389,0.4360851836738364,LSTM,40.603947399999015,550,0.94,3620,12,12
0.29652710073376876,0.1473651068076224,0.5445430200946191,0.6324543049527671,LSTM,67.59753279999131,551,0.94,3620,12,24
0.31078676220858337,0.15547366538174281,0.5574825218861874,0.6148556671534344,LSTM,98.9638760999951,552,0.94,3620,12,48
0.44711444151741364,0.32248727652994735,0.6686661659732857,0.21996549738757476,LSTM,180.71243179999874,553,0.94,3620,12,96
0.517000131996357,0.39650461051591895,0.719027212278059,0.00809334630295977,Linear,51.397078399983,554,0.94,3620,24,1
0.49169886005158203,0.3723546747830757,0.7012124214897951,0.06912455738968604,LSTM,25.61365260000457,555,0.94,3620,24,3
0.421142047861081,0.28038367577813683,0.6489545807381908,0.29904927756652144,LSTM,29.13898909999989,556,0.94,3620,24,6
0.34241109916966284,0.21263616045049313,0.5851590375014837,0.46966071495488526,LSTM,41.065073700010544,557,0.94,3620,24,12
0.2681239213509071,0.15544723020130688,0.5178068378757731,0.613450161211839,LSTM,61.39252729999134,558,0.94,3620,24,24
0.2812887707590629,0.15699146374251577,0.5303666380524541,0.6140739521633629,LSTM,97.97137189999921,559,0.94,3620,24,48
0.3466107946438972,0.24721141803741215,0.5887366088871128,0.40544870911435815,LSTM,188.35856540000532,560,0.94,3620,24,96
0.12115155530262424,0.03654185660592252,0.34806831987790016,0.9083924517769113,Linear,51.06964390000212,561,0.94,5430,1,1
0.12473464917471959,0.03750548247306859,0.35317792849315993,0.9059767178407409,LSTM,27.95441929998924,562,0.94,5430,1,3
0.12436647293074234,0.03745356924889193,0.35265630992616925,0.9061379231769754,LSTM,31.25430130001041,563,0.94,5430,1,6
0.13548584064337882,0.0460915743520488,0.36808401302335697,0.8845616117159322,LSTM,43.15436519999639,564,0.94,5430,1,12
0.12434906757423482,0.03843796996789292,0.35263163155655053,0.9038425351065892,LSTM,65.58954280000762,565,0.94,5430,1,24
0.1211046890197898,0.03639568127072994,0.34800098996955425,0.9094950440122562,LSTM,109.80100310000125,566,0.94,5430,1,48
0.12639503943598296,0.03891992469763329,0.355520800285979,0.9054017342201677,LSTM,188.69670479997876,567,0.94,5430,1,96
0.20354398878512228,0.0905100539303992,0.4511584963016016,0.7730984438059565,Linear,60.28978880000068,568,0.94,5430,3,1
0.1940950109302221,0.09118630942734139,0.4405621533112236,0.771478752163776,LSTM,24.121684100013226,569,0.94,5430,3,3
0.19190574386014272,0.08268919768779405,0.4380704781883193,0.7927732928675252,LSTM,31.716933599993354,570,0.94,5430,3,6
0.19137208650397292,0.0885330166569199,0.4374609542621752,0.7782651407231207,LSTM,45.68831869997666,571,0.94,5430,3,12
0.18806305865164313,0.0826607688032716,0.43366237864454316,0.7933505741774786,LSTM,68.13472210001783,572,0.94,5430,3,24
0.23826480546497758,0.1289244906382511,0.48812376039789085,0.6800296870775996,LSTM,112.26540909998585,573,0.94,5430,3,48
0.21353460815716827,0.09924385280413503,0.4620980503715291,0.7587791744840909,LSTM,183.2742736999935,574,0.94,5430,3,96
0.2996636898999298,0.16525282309593753,0.5474154637018668,0.5858612813754333,Linear,52.677085300005274,575,0.94,5430,6,1
0.27245880838055125,0.14831113158740147,0.5219758695385748,0.6283187128506253,LSTM,27.74773920001462,576,0.94,5430,6,3
0.2666827215038333,0.15429996284601538,0.5164133242895979,0.6135489127104681,LSTM,30.17625640000915,577,0.94,5430,6,6
0.28424322091016213,0.17369418312068247,0.533144652894655,0.5651593743412364,LSTM,44.748969200009014,578,0.94,5430,6,12
0.22583369989335988,0.10172665465966167,0.4752196333205941,0.7456864352871468,LSTM,62.6341156999988,579,0.94,5430,6,24
0.25209229121849447,0.1346076661164523,0.5020879317594623,0.6659249391964903,LSTM,103.82042579998961,580,0.94,5430,6,48
0.3897003124233727,0.23388283441738222,0.6242598116356464,0.43283159850748143,LSTM,227.13629620001302,581,0.94,5430,6,96
0.42694277432365796,0.2966425201173935,0.6534085814585373,0.25704567699684344,Linear,48.63975460000802,582,0.94,5430,12,1
0.3837004333766411,0.258398824018642,0.6194355764537917,0.3528287067962872,LSTM,24.47200919999159,583,0.94,5430,12,3
0.38943940269313987,0.2780179988474042,0.6240508013720837,0.3039863604458992,LSTM,30.759729099983815,584,0.94,5430,12,6
0.345732895721293,0.23234793087505365,0.5879905575103167,0.4187521342870921,LSTM,41.09796549999737,585,0.94,5430,12,12
0.3122824483398142,0.21300769333596956,0.5588223763771581,0.46873406877938595,LSTM,59.42302620000555,586,0.94,5430,12,24
0.30981004652443667,0.2193106905717725,0.5566058268868883,0.4567165481112807,LSTM,101.33592539999518,587,0.94,5430,12,48
0.31562532612911764,0.1989181495069021,0.561805416607136,0.5188553747583544,LSTM,174.3047329999972,588,0.94,5430,12,96
0.517000131996357,0.39650461051591895,0.719027212278059,0.00809334630295977,Linear,47.447032500000205,589,0.94,5430,24,1
0.4729011456079402,0.355614423590019,0.6876780828323237,0.11097467985108056,LSTM,22.964558000006946,590,0.94,5430,24,3
0.3931414768455231,0.25479725367498574,0.6270099495586359,0.36301456016693645,LSTM,27.42870319998474,591,0.94,5430,24,6
0.337255826682079,0.2147077684469161,0.5807373129755647,0.46449388396344404,LSTM,36.851634099992225,592,0.94,5430,24,12
0.27439412761231435,0.1510889381116834,0.52382642889827,0.6242879040423415,LSTM,58.32887150000897,593,0.94,5430,24,24
0.3065431137424377,0.1717477276160963,0.5536633577747743,0.5777991989901226,LSTM,91.43405699997675,594,0.94,5430,24,48
0.3519032389761672,0.25168324817371346,0.5932143280266983,0.39469381598981446,LSTM,159.88511150001432,595,0.94,5430,24,96
0.12115155530262424,0.03654185660592252,0.34806831987790016,0.9083924517769113,Linear,45.007159000000684,596,0.94,7240,1,1
0.12454338308065266,0.03771046229677535,0.3529070459492877,0.9054628496132044,LSTM,24.85896139999386,597,0.94,7240,1,3
0.12801706940544702,0.03839120345434211,0.3577947308240397,0.903788125932312,LSTM,30.867171499994583,598,0.94,7240,1,6
0.12318039821259272,0.037490651105613455,0.3509706514975187,0.906103004720646,LSTM,47.670028900000034,599,0.94,7240,1,12
0.12973380042633995,0.03993157709009386,0.36018578598598244,0.9001060871480329,LSTM,62.91822439999669,600,0.94,7240,1,24
0.12355905073665054,0.037429420105240266,0.35150967374547537,0.9069244508964346,LSTM,101.44169279999915,601,0.94,7240,1,48
0.1316850746703519,0.04163719996928615,0.3628843819598081,0.8987971600761583,LSTM,185.41233510000166,602,0.94,7240,1,96
0.20354398878512228,0.0905100539303992,0.4511584963016016,0.7730984438059565,Linear,49.26749050000217,603,0.94,7240,3,1
0.19705662295260876,0.09127002743508228,0.44391060243320246,0.7712689471643692,LSTM,25.889424499997403,604,0.94,7240,3,3
0.19034676652822072,0.08350483532594327,0.4362874815167411,0.7907292302004143,LSTM,29.78593589999946,605,0.94,7240,3,6
0.19385130003732934,0.08962677629357547,0.4402854756147758,0.7755257712960472,LSTM,41.12965429999167,606,0.94,7240,3,12
0.19022749666517064,0.08786734952297563,0.436150772858619,0.7803342796062761,LSTM,74.5419772999885,607,0.94,7240,3,24
0.17945752215453745,0.07734067716186542,0.4236242700253816,0.8080526007851434,LSTM,104.39772869998706,608,0.94,7240,3,48
0.19170027555750993,0.09876999479728163,0.4378359002611708,0.7599309276291053,LSTM,168.8571096000087,609,0.94,7240,3,96
0.2996636898999298,0.16525282309593753,0.5474154637018668,0.5858612813754333,Linear,46.63002939999569,610,0.94,7240,6,1
0.27408658376799533,0.14978750699898008,0.5235327914925629,0.6246187807725815,LSTM,23.109376099979272,611,0.94,7240,6,3
0.27334874881582116,0.15725006077545076,0.5228276473330586,0.6061602618552593,LSTM,30.135534000000916,612,0.94,7240,6,6
0.26303995646545475,0.15848631256012732,0.5128742111526516,0.6032320364803858,LSTM,42.96594439999899,613,0.94,7240,6,12
0.23835138111313398,0.10853489088588315,0.4882124344106098,0.7286660503163616,LSTM,67.37046229999396,614,0.94,7240,6,24
0.25012928352508323,0.14672242354166262,0.5001292668151738,0.6358580162625058,LSTM,102.77927519998048,615,0.94,7240,6,48
0.2974039796443346,0.16722368025147272,0.5453475769124996,0.59448076787599,LSTM,177.95600969999214,616,0.94,7240,6,96
0.42694277432365796,0.2966425201173935,0.6534085814585373,0.25704567699684344,Linear,53.80123160002404,617,0.94,7240,12,1
0.39209891656926543,0.26554095330005995,0.6261780230647395,0.3349409278528741,LSTM,25.337345499981893,618,0.94,7240,12,3
0.3971724631306329,0.3003437305218236,0.630216203481498,0.24809424618408182,LSTM,28.918107199977385,619,0.94,7240,12,6
0.3229531266763374,0.18844877538289034,0.5682896503336458,0.5285714485384445,LSTM,40.136344700003974,620,0.94,7240,12,12
0.3214370886033495,0.16466220854540387,0.5669542209061941,0.5893133239007536,LSTM,62.35775789999752,621,0.94,7240,12,24
0.31172553731838637,0.19969355526170696,0.5583238641849249,0.5053127426681193,LSTM,102.18994999999995,622,0.94,7240,12,48
0.35718520571051404,0.2291066995386966,0.5976497349706716,0.44583509668095134,LSTM,187.55994239999563,623,0.94,7240,12,96
0.517000131996357,0.39650461051591895,0.719027212278059,0.00809334630295977,Linear,50.539817599987146,624,0.94,7240,24,1
0.4758266190353645,0.35959920527996697,0.6898018694055305,0.10101284595844384,LSTM,24.750013299984857,625,0.94,7240,24,3
0.43476978696068436,0.28873533320891787,0.6593707507621827,0.27817038619249157,LSTM,30.46734309999738,626,0.94,7240,24,6
0.3692151570715111,0.22150130056342338,0.6076307736376682,0.4475500256941525,LSTM,44.53012840001611,627,0.94,7240,24,12
0.33687816144829363,0.20605969978704486,0.5804120617701648,0.4875923898401544,LSTM,84.02149330000975,628,0.94,7240,24,24
0.32944657256166476,0.20500258766036805,0.5739743657705149,0.49605006179311295,LSTM,109.42532760000904,629,0.94,7240,24,48
0.3003447209803615,0.17254251704915594,0.5480371529197282,0.5850297811539247,LSTM,175.74153609998757,630,0.94,7240,24,96
0.12115155530262424,0.03654185660592252,0.34806831987790016,0.9083924517769113,Linear,50.12001880002208,631,0.94,9050,1,1
0.12545101807297274,0.03805823473926956,0.35419065215357215,0.9045910115689577,LSTM,26.758280599984573,632,0.94,9050,1,3
0.12210297494321895,0.03609118226402208,0.34943236104176006,0.9095521898116654,LSTM,30.29607769998256,633,0.94,9050,1,6
0.12799627482209516,0.03728884938339901,0.35776567026769795,0.9066084260670172,LSTM,39.68483919999562,634,0.94,9050,1,12
0.12224083366515648,0.03576220607683031,0.3496295663486663,0.9105362983993132,LSTM,65.45454339997377,635,0.94,9050,1,24
0.12240169297607673,0.03625901976630799,0.349859533207367,0.9098348794820452,LSTM,109.43610249998164,636,0.94,9050,1,48
0.14312858432508166,0.04647935648085149,0.3783233859082487,0.8870278770627084,LSTM,211.13223359998665,637,0.94,9050,1,96
0.20354398878512228,0.0905100539303992,0.4511584963016016,0.7730984438059565,Linear,56.417237300018314,638,0.94,9050,3,1
0.19922328536832043,0.09631500168776272,0.4463443573837586,0.7586257793602945,LSTM,25.776095000008354,639,0.94,9050,3,3
0.18994329992460013,0.08462041655413624,0.4358248500540098,0.7879334814095011,LSTM,31.922244400018826,640,0.94,9050,3,6
0.19976337917516446,0.09925840744180252,0.4469489670814381,0.7514029247253152,LSTM,42.04917069998919,641,0.94,9050,3,12
0.18751588129515648,0.08222632268672747,0.43303103964399187,0.7944366763494574,LSTM,65.48087300002226,642,0.94,9050,3,24
0.2269605837355863,0.13845485921537126,0.476403803233755,0.6563768108801411,LSTM,106.15830569999525,643,0.94,9050,3,48
0.20351875418417417,0.09463093314678686,0.45113052898709277,0.7699912773634516,LSTM,179.90027049998753,644,0.94,9050,3,96
0.2996636898999298,0.16525282309593753,0.5474154637018668,0.5858612813754333,Linear,53.16140240000095,645,0.94,9050,6,1
0.27147805177639467,0.14165488951472174,0.5210355571133266,0.6449998654699314,LSTM,25.564670699997805,646,0.94,9050,6,3
0.2773991968707476,0.15843829887615535,0.5266870008560565,0.6031842669327304,LSTM,31.611800300015602,647,0.94,9050,6,6
0.28182082639159656,0.16107699088081354,0.5308679933765046,0.5967463144970245,LSTM,44.70888180000475,648,0.94,9050,6,12
0.3177778334497966,0.279694062288495,0.5637178668889222,0.3007732904657131,LSTM,60.18026330001885,649,0.94,9050,6,24
0.31639649004851134,0.2602824742474793,0.5624913244206629,0.35401982725791636,LSTM,113.16451870001038,650,0.94,9050,6,48
0.3164218177228552,0.1784760667990945,0.5625138378056626,0.5671936088714031,LSTM,179.83616710000206,651,0.94,9050,6,96
0.42694277432365796,0.2966425201173935,0.6534085814585373,0.25704567699684344,Linear,49.58303579999483,652,0.94,9050,12,1
0.3953005465198262,0.2683024625624465,0.6287293110073892,0.3280246056624766,LSTM,26.75280320001184,653,0.94,9050,12,3
0.4133874223871956,0.335185596201174,0.6429521151588161,0.1608681894507905,LSTM,31.868127000023378,654,0.94,9050,12,6
0.3555074652623026,0.21923628002710893,0.5962444676995357,0.45155259453926033,LSTM,45.44748480000999,655,0.94,9050,12,12
0.28728559037351836,0.14767938428213379,0.535990289439574,0.63167046042329,LSTM,65.95602459998918,656,0.94,9050,12,24
0.29992801134689495,0.14786410819153953,0.5476568372136834,0.6337063054276562,LSTM,97.95171409999602,657,0.94,9050,12,48
0.312372134420707,0.2113053586248527,0.5589026162228148,0.4888931058370892,LSTM,172.4477757999848,658,0.94,9050,12,96
0.517000131996357,0.39650461051591895,0.719027212278059,0.00809334630295977,Linear,44.09403249999741,659,0.94,9050,24,1
0.4968097093744989,0.3705357043096051,0.7048472950749679,0.07367192864418537,LSTM,24.051879300008295,660,0.94,9050,24,3
0.40883000160007016,0.2692290524457531,0.6393981557684305,0.32693549905073727,LSTM,28.947305299981963,661,0.94,9050,24,6
0.33619106231504964,0.2151087062881623,0.5798198533295058,0.46349389841242783,LSTM,42.83634010000969,662,0.94,9050,24,12
0.25261607262180247,0.1441268206987584,0.5026092643612954,0.6416005660956006,LSTM,68.83246320000035,663,0.94,9050,24,24
0.4589077185410843,0.3176904664796211,0.6774272791533305,0.21903380450707632,LSTM,94.35977139999159,664,0.94,9050,24,48
0.3113595268505278,0.1855156057830701,0.5579959917871523,0.5538290918218673,LSTM,161.71153860000777,665,0.94,9050,24,96
